2026/09/23 18:22:24 Starting swarm acceptance CLI
2026/09/23 18:22:24 Build: branch feature/improved-kite, commit d9e173b844636e37b5c40056a25d0ea80ca13aa9
2026/09/23 18:22:24 Icon pack ready: data/icons
2026/09/23 18:22:24 Web interface listening on http://127.0.0.1:8080
2026/09/23 18:22:24 Acceptance: running scenario archer-fleet
2026/09/23 18:22:24 Acceptance: the run log of archer-fleet writes logs/acceptance/archer-fleet-20260923-182224-25243-1.log
2026/09/23 18:22:24 Received init packet with session id f4e305c6
2026/09/23 18:22:24 Sent auth login for account temp20
2026/09/23 18:22:24 Authenticated on login server
2026/09/23 18:22:24 Received server list with 1 servers
2026/09/23 18:22:24 Selected game server 2 at 127.0.0.1:7777
2026/09/23 18:22:24 Sent protocol version 419
2026/09/23 18:22:24 Game server 2 accepted the protocol
2026/09/23 18:22:24 Sent game auth login for account temp20
2026/09/23 18:22:24 Received character list with 1 characters
2026/09/23 18:22:26 Received init packet with session id f1c023ae
2026/09/23 18:22:26 Sent auth login for account temp21
2026/09/23 18:22:26 Authenticated on login server
2026/09/23 18:22:26 Received server list with 1 servers
2026/09/23 18:22:26 Selected game server 2 at 127.0.0.1:7777
2026/09/23 18:22:26 Sent protocol version 419
2026/09/23 18:22:26 Game server 2 accepted the protocol
2026/09/23 18:22:26 Sent game auth login for account temp21
2026/09/23 18:22:26 Received character list with 1 characters
2026/09/23 18:22:28 Received init packet with session id 216a86d0
2026/09/23 18:22:28 Sent auth login for account temp22
2026/09/23 18:22:28 Authenticated on login server
2026/09/23 18:22:28 Received server list with 1 servers
2026/09/23 18:22:28 Selected game server 2 at 127.0.0.1:7777
2026/09/23 18:22:28 Sent protocol version 419
2026/09/23 18:22:28 Game server 2 accepted the protocol
2026/09/23 18:22:28 Sent game auth login for account temp22
2026/09/23 18:22:28 Received character list with 1 characters
2026/09/23 18:22:30 Received init packet with session id 34fcded9
2026/09/23 18:22:30 Sent auth login for account temp23
2026/09/23 18:22:30 Authenticated on login server
2026/09/23 18:22:30 Received server list with 1 servers
2026/09/23 18:22:30 Selected game server 2 at 127.0.0.1:7777
2026/09/23 18:22:30 Sent protocol version 419
2026/09/23 18:22:30 Game server 2 accepted the protocol
2026/09/23 18:22:30 Sent game auth login for account temp23
2026/09/23 18:22:30 Received character list with 1 characters
2026/09/23 18:22:32 Received init packet with session id fcd8b577
2026/09/23 18:22:32 Sent auth login for account temp24
2026/09/23 18:22:32 Authenticated on login server
2026/09/23 18:22:32 Received server list with 1 servers
2026/09/23 18:22:32 Selected game server 2 at 127.0.0.1:7777
2026/09/23 18:22:32 Sent protocol version 419
2026/09/23 18:22:32 Game server 2 accepted the protocol
2026/09/23 18:22:32 Sent game auth login for account temp24
2026/09/23 18:22:32 Received character list with 1 characters
2026/09/23 18:22:36 Received init packet with session id a287bebb
2026/09/23 18:22:36 Sent auth login for account temp20
2026/09/23 18:22:36 Authenticated on login server
2026/09/23 18:22:36 Received server list with 1 servers
2026/09/23 18:22:36 Selected game server 2 at 127.0.0.1:7777
2026/09/23 18:22:36 Sent protocol version 419
2026/09/23 18:22:36 Game server 2 accepted the protocol
2026/09/23 18:22:36 Sent game auth login for account temp20
2026/09/23 18:22:36 Received character list with 1 characters
2026/09/23 18:22:36 Selected character temp20
2026/09/23 18:22:36 Sent enter world request
2026/09/23 18:22:36 User info: temp20 level 7 hp 214/214 mp 82/82 speed 125 x 15435
2026/09/23 18:22:36 Inventory listed with 13 items
2026/09/23 18:22:36 Received packet id 0x57 with 5 bytes
2026/09/23 18:22:36 Quest journal with 0 quests, 0 quest items
2026/09/23 18:22:36 NPC  spawned at 36183 49918 -3567 heading 8681
2026/09/23 18:22:36 NPC  spawned at 35682 50109 -3567 heading 23681
2026/09/23 18:22:36 NPC  spawned at 35772 50408 -3567 heading 30188
2026/09/23 18:22:36 NPC  spawned at 34675 52405 -3567 heading 56238
2026/09/23 18:22:36 NPC  spawned at 34562 51981 -3567 heading 52800
2026/09/23 18:22:36 NPC  spawned at 34015 51588 -3567 heading 52900
2026/09/23 18:22:36 NPC  spawned at 34156 51206 -3567 heading 43822
2026/09/23 18:22:36 NPC  spawned at 36728 47814 -3587 heading 41816
2026/09/23 18:22:36 NPC  spawned at 35931 49057 -3567 heading 29590
2026/09/23 18:22:36 NPC  spawned at 35325 47164 -3699 heading 27210
2026/09/23 18:22:36 NPC  spawned at 35378 48209 -3639 heading 59116
2026/09/23 18:22:36 NPC  spawned at 35902 52285 -3572 heading 39621
2026/09/23 18:22:36 NPC  spawned at 36370 52378 -3520 heading 47819
2026/09/23 18:22:36 NPC  spawned at 35429 52251 -3567 heading 23987
2026/09/23 18:22:36 NPC  spawned at 35688 52704 -3567 heading 24575
2026/09/23 18:22:36 NPC  spawned at 36948 47462 -3587 heading 18474
2026/09/23 18:22:36 NPC  spawned at 37454 48372 -3592 heading 0
2026/09/23 18:22:36 NPC  spawned at 37855 52996 -3548 heading 0
2026/09/23 18:22:36 NPC  spawned at 37913 51560 -3548 heading 0
2026/09/23 18:22:36 NPC  spawned at 37043 51467 -3543 heading 27468
2026/09/23 18:22:36 NPC  spawned at 37975 52551 -3543 heading 44263
2026/09/23 18:22:36 NPC  spawned at 37383 52794 -3548 heading 9774
2026/09/23 18:22:36 NPC  spawned at 37353 52994 -3548 heading 60019
2026/09/23 18:22:36 NPC  spawned at 38184 51841 -3548 heading 21863
2026/09/23 18:22:36 NPC  spawned at 37525 52296 -3543 heading 17807
2026/09/23 18:22:36 Received packet id 0x65 with 1 bytes
2026/09/23 18:22:36 Received packet id 0xda with 5 bytes
2026/09/23 18:22:36 User info: temp20 level 7 hp 214/214 mp 82/82 speed 125 x 15435
2026/09/23 18:22:36 Action failed
2026/09/23 18:22:37 Hunt: gear: swapping to the two hand Short Bow (4688)
2026/09/23 18:22:37 Hunt: gear: equipping Wooden Breastplate (47) into the empty chest slot
2026/09/23 18:22:37 Hunt: gear: equipping Bone Gaiters (32) into the empty legs slot
2026/09/23 18:22:37 Hunt: gear: equipping Leather Helmet (23) into the empty head slot
2026/09/23 18:22:37 Hunt: gear: equipping Necklace of Anguish (21) into the empty neck slot
2026/09/23 18:22:37 Hunt: gear: equipping Earring of Strength (16) into the empty right ear slot
2026/09/23 18:22:37 Hunt: gear: equipping Earring of Wisdom (16) into the empty left ear slot
2026/09/23 18:22:37 Hunt: gear: equipping Leather Gloves (15) into the empty gloves slot
2026/09/23 18:22:37 Hunt: gear: equipping Ring of Anguish (11) into the empty right finger slot
2026/09/23 18:22:37 Hunt: gear: equipping Apprentice's Shoes (8) into the empty feet slot
2026/09/23 18:22:37 Hunt: level 7: resuming the cell Kaboo Orc Grunt SW-5 - the login landed on its ground
2026/09/23 18:22:37 User info: temp20 level 7 hp 214/214 mp 82/82 speed 125 x 15435
2026/09/23 18:22:37 User info: temp20 level 7 hp 214/214 mp 82/82 speed 125 x 15435
2026/09/23 18:22:37 User info: temp20 level 7 hp 214/214 mp 82/82 speed 125 x 15435
2026/09/23 18:22:37 User info: temp20 level 7 hp 214/214 mp 82/82 speed 125 x 15435
2026/09/23 18:22:37 User info: temp20 level 7 hp 214/214 mp 82/82 speed 125 x 15435
2026/09/23 18:22:37 User info: temp20 level 7 hp 214/214 mp 82/82 speed 125 x 15435
2026/09/23 18:22:37 User info: temp20 level 7 hp 214/214 mp 82/82 speed 125 x 15435
2026/09/23 18:22:37 Action failed
2026/09/23 18:22:37 User info: temp20 level 7 hp 214/214 mp 82/82 speed 125 x 15435
2026/09/23 18:22:37 User info: temp20 level 7 hp 214/214 mp 82/82 speed 125 x 15435
2026/09/23 18:22:37 User info: temp20 level 7 hp 214/214 mp 82/82 speed 125 x 15435
2026/09/23 18:22:37 User info: temp20 level 7 hp 214/214 mp 82/82 speed 125 x 15435
2026/09/23 18:22:37 User info: temp20 level 7 hp 214/214 mp 82/82 speed 125 x 15435
2026/09/23 18:22:37 User info: temp20 level 7 hp 214/214 mp 82/82 speed 125 x 15435
2026/09/23 18:22:37 User info: temp20 level 7 hp 214/214 mp 82/82 speed 125 x 15435
2026/09/23 18:22:37 User info: temp20 level 7 hp 214/214 mp 82/82 speed 125 x 15435
2026/09/23 18:22:37 User info: temp20 level 7 hp 214/214 mp 82/82 speed 125 x 15435
2026/09/23 18:22:37 User info: temp20 level 7 hp 214/214 mp 82/82 speed 125 x 15435
2026/09/23 18:22:37 User info: temp20 level 7 hp 214/214 mp 82/82 speed 125 x 15435
2026/09/23 18:22:37 User info: temp20 level 7 hp 214/214 mp 82/82 speed 125 x 15435
2026/09/23 18:22:37 User info: temp20 level 7 hp 214/214 mp 82/82 speed 125 x 15435
2026/09/23 18:22:37 Skill list with 1 skills
2026/09/23 18:22:38 Received packet id 0x85 with 13 bytes
2026/09/23 18:22:38 Hunt: shot released on 268450361, hostile 268450361 holds 366 units, the retreat clicks at the windup end
2026/09/23 18:22:38 Received init packet with session id dc80b996
2026/09/23 18:22:38 Sent auth login for account temp21
2026/09/23 18:22:38 Authenticated on login server
2026/09/23 18:22:38 Received server list with 1 servers
2026/09/23 18:22:38 Selected game server 2 at 127.0.0.1:7777
2026/09/23 18:22:38 Sent protocol version 419
2026/09/23 18:22:38 Game server 2 accepted the protocol
2026/09/23 18:22:38 Sent game auth login for account temp21
2026/09/23 18:22:38 Received character list with 1 characters
2026/09/23 18:22:38 Selected character temp21
2026/09/23 18:22:38 Sent enter world request
2026/09/23 18:22:38 User info: temp21 level 7 hp 214/214 mp 82/82 speed 125 x 15435
2026/09/23 18:22:38 Inventory listed with 13 items
2026/09/23 18:22:38 Received packet id 0x57 with 5 bytes
2026/09/23 18:22:38 Player temp21 appeared at 36000 51962 -3536 speed 125
2026/09/23 18:22:38 Received packet id 0xe7 with 21 bytes
2026/09/23 18:22:38 Quest journal with 0 quests, 0 quest items
2026/09/23 18:22:38 NPC  spawned at 35902 52285 -3572 heading 39621
2026/09/23 18:22:38 NPC  spawned at 36370 52378 -3520 heading 47819
2026/09/23 18:22:38 NPC  spawned at 35429 52251 -3567 heading 23987
2026/09/23 18:22:38 NPC  spawned at 35688 52704 -3567 heading 24575
2026/09/23 18:22:38 NPC  spawned at 34675 52405 -3567 heading 56238
2026/09/23 18:22:38 NPC  spawned at 34562 51981 -3567 heading 52800
2026/09/23 18:22:38 NPC  spawned at 34015 51588 -3567 heading 52900
2026/09/23 18:22:38 NPC  spawned at 34156 51206 -3567 heading 43822
2026/09/23 18:22:38 NPC  spawned at 33510 53746 -3590 heading 44432
2026/09/23 18:22:38 NPC  spawned at 33681 54852 -3585 heading 57081
2026/09/23 18:22:38 NPC  spawned at 34225 54205 -3585 heading 19491
2026/09/23 18:22:38 NPC  spawned at 36220 49816 -3567 heading 52833
2026/09/23 18:22:38 NPC  spawned at 35682 50109 -3567 heading 23681
2026/09/23 18:22:38 Player temp20 appeared at 36000 50229 -3456 speed 125
2026/09/23 18:22:38 Received packet id 0xe7 with 21 bytes
2026/09/23 18:22:38 NPC  spawned at 35772 50408 -3567 heading 30188
2026/09/23 18:22:38 NPC  spawned at 36590 53269 -3572 heading 0
2026/09/23 18:22:38 NPC  spawned at 37855 52996 -3548 heading 0
2026/09/23 18:22:38 NPC  spawned at 37913 51560 -3548 heading 0
2026/09/23 18:22:38 NPC  spawned at 37043 51467 -3543 heading 27468
2026/09/23 18:22:38 NPC  spawned at 37975 52551 -3543 heading 44263
2026/09/23 18:22:38 NPC  spawned at 37383 52794 -3548 heading 9774
2026/09/23 18:22:38 NPC  spawned at 37353 52994 -3548 heading 60019
2026/09/23 18:22:38 NPC  spawned at 38184 51841 -3548 heading 21863
2026/09/23 18:22:38 NPC  spawned at 37525 52296 -3543 heading 17807
2026/09/23 18:22:38 NPC  spawned at 38835 54451 -3491 heading 50681
2026/09/23 18:22:38 Received packet id 0x65 with 1 bytes
2026/09/23 18:22:38 Received packet id 0xda with 5 bytes
2026/09/23 18:22:38 User info: temp21 level 7 hp 214/214 mp 82/82 speed 125 x 15435
2026/09/23 18:22:38 Action failed
2026/09/23 18:22:38 Player temp21 appeared at 36000 51962 -3536 speed 125
2026/09/23 18:22:39 Hunt: gear: swapping to the two hand Short Bow (4688)
2026/09/23 18:22:39 Hunt: gear: equipping Wooden Breastplate (47) into the empty chest slot
2026/09/23 18:22:39 Hunt: gear: equipping Bone Gaiters (32) into the empty legs slot
2026/09/23 18:22:39 Hunt: gear: equipping Leather Helmet (23) into the empty head slot
2026/09/23 18:22:39 Hunt: gear: equipping Necklace of Anguish (21) into the empty neck slot
2026/09/23 18:22:39 Hunt: gear: equipping Earring of Strength (16) into the empty right ear slot
2026/09/23 18:22:39 Hunt: gear: equipping Earring of Wisdom (16) into the empty left ear slot
2026/09/23 18:22:39 Hunt: gear: equipping Leather Gloves (15) into the empty gloves slot
2026/09/23 18:22:39 Hunt: gear: equipping Ring of Anguish (11) into the empty right finger slot
2026/09/23 18:22:39 Hunt: gear: equipping Apprentice's Shoes (8) into the empty feet slot
2026/09/23 18:22:39 Hunt: level 7: resuming the cell Kaboo Orc Grunt SW-6 - the login landed on its ground
2026/09/23 18:22:39 User info: temp21 level 7 hp 214/214 mp 82/82 speed 125 x 15435
2026/09/23 18:22:39 User info: temp21 level 7 hp 214/214 mp 82/82 speed 125 x 15435
2026/09/23 18:22:39 User info: temp21 level 7 hp 214/214 mp 82/82 speed 125 x 15435
2026/09/23 18:22:39 User info: temp21 level 7 hp 214/214 mp 82/82 speed 125 x 15435
2026/09/23 18:22:39 User info: temp21 level 7 hp 214/214 mp 82/82 speed 125 x 15435
2026/09/23 18:22:39 User info: temp21 level 7 hp 214/214 mp 82/82 speed 125 x 15435
2026/09/23 18:22:39 User info: temp21 level 7 hp 214/214 mp 82/82 speed 125 x 15435
2026/09/23 18:22:39 Action failed
2026/09/23 18:22:39 User info: temp21 level 7 hp 214/214 mp 82/82 speed 125 x 15435
2026/09/23 18:22:39 User info: temp21 level 7 hp 214/214 mp 82/82 speed 125 x 15435
2026/09/23 18:22:39 User info: temp21 level 7 hp 214/214 mp 82/82 speed 125 x 15435
2026/09/23 18:22:39 User info: temp21 level 7 hp 214/214 mp 82/82 speed 125 x 15435
2026/09/23 18:22:39 User info: temp21 level 7 hp 214/214 mp 82/82 speed 125 x 15435
2026/09/23 18:22:39 User info: temp21 level 7 hp 214/214 mp 82/82 speed 125 x 15435
2026/09/23 18:22:39 User info: temp21 level 7 hp 214/214 mp 82/82 speed 125 x 15435
2026/09/23 18:22:39 User info: temp21 level 7 hp 214/214 mp 82/82 speed 125 x 15435
2026/09/23 18:22:39 User info: temp21 level 7 hp 214/214 mp 82/82 speed 125 x 15435
2026/09/23 18:22:39 User info: temp21 level 7 hp 214/214 mp 82/82 speed 125 x 15435
2026/09/23 18:22:39 User info: temp21 level 7 hp 214/214 mp 82/82 speed 125 x 15435
2026/09/23 18:22:39 User info: temp21 level 7 hp 214/214 mp 82/82 speed 125 x 15435
2026/09/23 18:22:39 User info: temp21 level 7 hp 214/214 mp 82/82 speed 125 x 15435
2026/09/23 18:22:39 Skill list with 1 skills
2026/09/23 18:22:39 Player temp21 appeared at 36000 51962 -3536 speed 125
2026/09/23 18:22:39 Hunt: dropping the target 268450379: the ground rotation owns the way
2026/09/23 18:22:39 Hunt: the fight crossed into Green Dryad SW-6 (was Kaboo Orc Grunt SW-6), following the ground
2026/09/23 18:22:39 Action failed
2026/09/23 18:22:39 NPC  spawned at 36232 49785 -3567 heading 52833
2026/09/23 18:22:39 NPC  spawned at 36232 49785 -3567 heading 52833
2026/09/23 18:22:40 Action failed
2026/09/23 18:22:40 Received init packet with session id 39dfde2f
2026/09/23 18:22:40 Sent auth login for account temp22
2026/09/23 18:22:40 Authenticated on login server
2026/09/23 18:22:40 Received server list with 1 servers
2026/09/23 18:22:40 Selected game server 2 at 127.0.0.1:7777
2026/09/23 18:22:40 Sent protocol version 419
2026/09/23 18:22:40 Game server 2 accepted the protocol
2026/09/23 18:22:40 Sent game auth login for account temp22
2026/09/23 18:22:40 Received character list with 1 characters
2026/09/23 18:22:40 Selected character temp22
2026/09/23 18:22:40 Sent enter world request
2026/09/23 18:22:40 User info: temp22 level 7 hp 214/214 mp 82/82 speed 125 x 15435
2026/09/23 18:22:40 Inventory listed with 13 items
2026/09/23 18:22:40 Received packet id 0x57 with 5 bytes
2026/09/23 18:22:40 Quest journal with 0 quests, 0 quest items
2026/09/23 18:22:40 Player temp22 appeared at 34500 49363 -3496 speed 125
2026/09/23 18:22:40 Player temp22 appeared at 34500 49363 -3496 speed 125
2026/09/23 18:22:40 Received packet id 0xe7 with 21 bytes
2026/09/23 18:22:40 NPC  spawned at 32485 47653 -3665 heading 62704
2026/09/23 18:22:40 NPC  spawned at 32277 49150 -3670 heading 62822
2026/09/23 18:22:40 NPC  spawned at 31753 51532 -3670 heading 0
2026/09/23 18:22:40 NPC  spawned at 34675 52405 -3567 heading 56238
2026/09/23 18:22:40 NPC  spawned at 34562 51981 -3567 heading 52800
2026/09/23 18:22:40 NPC  spawned at 34015 51588 -3567 heading 52900
2026/09/23 18:22:40 NPC  spawned at 34156 51206 -3567 heading 43822
2026/09/23 18:22:40 NPC  spawned at 36728 47814 -3587 heading 41816
2026/09/23 18:22:40 NPC  spawned at 35931 49057 -3567 heading 29590
2026/09/23 18:22:40 NPC  spawned at 35325 47164 -3699 heading 27210
2026/09/23 18:22:40 NPC  spawned at 35378 48209 -3639 heading 59116
2026/09/23 18:22:40 NPC  spawned at 36181 49881 -3540 heading 21406
2026/09/23 18:22:40 NPC  spawned at 35682 50109 -3567 heading 23681
2026/09/23 18:22:40 Player temp20 appeared at 36000 50229 -3456 speed 125
2026/09/23 18:22:40 Received packet id 0xe7 with 21 bytes
2026/09/23 18:22:40 NPC  spawned at 35772 50408 -3567 heading 30188
2026/09/23 18:22:40 NPC  spawned at 35902 52285 -3572 heading 39621
2026/09/23 18:22:40 NPC  spawned at 36370 52378 -3520 heading 47819
2026/09/23 18:22:40 NPC  spawned at 35429 52251 -3567 heading 23987
2026/09/23 18:22:40 Player temp21 appeared at 36000 51962 -3536 speed 125
2026/09/23 18:22:40 Received packet id 0xe7 with 21 bytes
2026/09/23 18:22:40 NPC  spawned at 35688 52704 -3567 heading 24575
2026/09/23 18:22:40 Received packet id 0xe7 with 21 bytes
2026/09/23 18:22:40 NPC  spawned at 35682 50109 -3567 heading 23681
2026/09/23 18:22:40 Received packet id 0x65 with 1 bytes
2026/09/23 18:22:40 Received packet id 0xda with 5 bytes
2026/09/23 18:22:40 NPC  spawned at 35682 50109 -3567 heading 23681
2026/09/23 18:22:40 NPC  spawned at 35682 50109 -3567 heading 23681
2026/09/23 18:22:40 User info: temp22 level 7 hp 214/214 mp 82/82 speed 125 x 15435
2026/09/23 18:22:40 Action failed
2026/09/23 18:22:40 Player temp22 appeared at 34500 49363 -3496 speed 125
2026/09/23 18:22:40 Player temp22 appeared at 34500 49363 -3496 speed 125
2026/09/23 18:22:41 Hunt: gear: swapping to the two hand Short Bow (4688)
2026/09/23 18:22:41 Hunt: gear: equipping Wooden Breastplate (47) into the empty chest slot
2026/09/23 18:22:41 Hunt: gear: equipping Bone Gaiters (32) into the empty legs slot
2026/09/23 18:22:41 Hunt: gear: equipping Leather Helmet (23) into the empty head slot
2026/09/23 18:22:41 Hunt: gear: equipping Necklace of Anguish (21) into the empty neck slot
2026/09/23 18:22:41 Hunt: gear: equipping Earring of Strength (16) into the empty right ear slot
2026/09/23 18:22:41 Hunt: gear: equipping Earring of Wisdom (16) into the empty left ear slot
2026/09/23 18:22:41 Hunt: gear: equipping Leather Gloves (15) into the empty gloves slot
2026/09/23 18:22:41 Hunt: gear: equipping Ring of Anguish (11) into the empty right finger slot
2026/09/23 18:22:41 Hunt: gear: equipping Apprentice's Shoes (8) into the empty feet slot
2026/09/23 18:22:41 Hunt: level 7: resuming the cell Kaboo Orc Grunt SW-3 - the login landed on its ground
2026/09/23 18:22:41 User info: temp22 level 7 hp 214/214 mp 82/82 speed 125 x 15435
2026/09/23 18:22:41 User info: temp22 level 7 hp 214/214 mp 82/82 speed 125 x 15435
2026/09/23 18:22:41 User info: temp22 level 7 hp 214/214 mp 82/82 speed 125 x 15435
2026/09/23 18:22:41 User info: temp22 level 7 hp 214/214 mp 82/82 speed 125 x 15435
2026/09/23 18:22:41 User info: temp22 level 7 hp 214/214 mp 82/82 speed 125 x 15435
2026/09/23 18:22:41 User info: temp22 level 7 hp 214/214 mp 82/82 speed 125 x 15435
2026/09/23 18:22:41 User info: temp22 level 7 hp 214/214 mp 82/82 speed 125 x 15435
2026/09/23 18:22:41 Action failed
2026/09/23 18:22:41 User info: temp22 level 7 hp 214/214 mp 82/82 speed 125 x 15435
2026/09/23 18:22:41 User info: temp22 level 7 hp 214/214 mp 82/82 speed 125 x 15435
2026/09/23 18:22:41 User info: temp22 level 7 hp 214/214 mp 82/82 speed 125 x 15435
2026/09/23 18:22:41 User info: temp22 level 7 hp 214/214 mp 82/82 speed 125 x 15435
2026/09/23 18:22:41 User info: temp22 level 7 hp 214/214 mp 82/82 speed 125 x 15435
2026/09/23 18:22:41 User info: temp22 level 7 hp 214/214 mp 82/82 speed 125 x 15435
2026/09/23 18:22:41 User info: temp22 level 7 hp 214/214 mp 82/82 speed 125 x 15435
2026/09/23 18:22:41 User info: temp22 level 7 hp 214/214 mp 82/82 speed 125 x 15435
2026/09/23 18:22:41 User info: temp22 level 7 hp 214/214 mp 82/82 speed 125 x 15435
2026/09/23 18:22:41 User info: temp22 level 7 hp 214/214 mp 82/82 speed 125 x 15435
2026/09/23 18:22:41 User info: temp22 level 7 hp 214/214 mp 82/82 speed 125 x 15435
2026/09/23 18:22:41 User info: temp22 level 7 hp 214/214 mp 82/82 speed 125 x 15435
2026/09/23 18:22:41 User info: temp22 level 7 hp 214/214 mp 82/82 speed 125 x 15435
2026/09/23 18:22:41 Skill list with 1 skills
2026/09/23 18:22:41 Player temp22 appeared at 34500 49363 -3496 speed 125
2026/09/23 18:22:41 Player temp22 appeared at 34500 49363 -3496 speed 125
2026/09/23 18:22:41 Received packet id 0x85 with 13 bytes
2026/09/23 18:22:41 Hunt: shot released on 268450361, hostile 268450361 holds 392 units, the retreat clicks at the windup end
2026/09/23 18:22:41 Hunt: dropping the target 268450362: the ground rotation owns the way
2026/09/23 18:22:41 Hunt: the fight crossed into Kaboo Orc Fighter SW-6 (was Kaboo Orc Grunt SW-3), following the ground
2026/09/23 18:22:41 Action failed
2026/09/23 18:22:42 Hunt: 2 mobs piled on us, running 600 units from the aggro point before the logout
2026/09/23 18:22:42 Action failed
2026/09/23 18:22:42 Action failed
2026/09/23 18:22:42 Received init packet with session id 83e3f472
2026/09/23 18:22:42 Sent auth login for account temp23
2026/09/23 18:22:42 Authenticated on login server
2026/09/23 18:22:42 Received server list with 1 servers
2026/09/23 18:22:42 Selected game server 2 at 127.0.0.1:7777
2026/09/23 18:22:42 Sent protocol version 419
2026/09/23 18:22:42 Game server 2 accepted the protocol
2026/09/23 18:22:42 Sent game auth login for account temp23
2026/09/23 18:22:42 Received character list with 1 characters
2026/09/23 18:22:42 Selected character temp23
2026/09/23 18:22:42 Sent enter world request
2026/09/23 18:22:42 User info: temp23 level 7 hp 214/214 mp 82/82 speed 125 x 15435
2026/09/23 18:22:42 Inventory listed with 13 items
2026/09/23 18:22:42 Received packet id 0x57 with 5 bytes
2026/09/23 18:22:42 Quest journal with 0 quests, 0 quest items
2026/09/23 18:22:42 NPC  spawned at 39563 50424 -3543 heading 6440
2026/09/23 18:22:42 NPC  spawned at 40093 50870 -3543 heading 57785
2026/09/23 18:22:42 NPC  spawned at 40116 50412 -3543 heading 21876
2026/09/23 18:22:42 NPC  spawned at 39517 49162 -3548 heading 45782
2026/09/23 18:22:42 NPC  spawned at 36948 47462 -3587 heading 18474
2026/09/23 18:22:42 NPC  spawned at 37454 48372 -3592 heading 0
2026/09/23 18:22:42 NPC  spawned at 37855 52996 -3548 heading 0
2026/09/23 18:22:42 NPC  spawned at 37913 51560 -3548 heading 0
2026/09/23 18:22:42 NPC  spawned at 37043 51467 -3543 heading 27468
2026/09/23 18:22:42 NPC  spawned at 37975 52551 -3543 heading 44263
2026/09/23 18:22:42 NPC  spawned at 37383 52794 -3548 heading 9774
2026/09/23 18:22:42 NPC  spawned at 37527 52952 -3548 heading 32149
2026/09/23 18:22:42 NPC  spawned at 38184 51841 -3548 heading 21863
2026/09/23 18:22:42 NPC  spawned at 37344 52175 -3543 heading 38914
2026/09/23 18:22:42 NPC  spawned at 39668 52425 -3409 heading 63389
2026/09/23 18:22:42 NPC  spawned at 39992 51202 -3548 heading 0
2026/09/23 18:22:42 NPC  spawned at 40021 51948 -3414 heading 408
2026/09/23 18:22:42 NPC  spawned at 39499 51237 -3543 heading 31876
2026/09/23 18:22:42 NPC  spawned at 39647 52882 -3414 heading 0
2026/09/23 18:22:42 NPC  spawned at 39835 51933 -3414 heading 18130
2026/09/23 18:22:42 NPC  spawned at 39673 52390 -3409 heading 55345
2026/09/23 18:22:42 NPC  spawned at 39793 52513 -3414 heading 18020
2026/09/23 18:22:42 NPC  spawned at 42978 49115 -2992 heading 0
2026/09/23 18:22:42 NPC  spawned at 42812 51138 -2992 heading 16384
2026/09/23 18:22:42 NPC  spawned at 42700 50057 -2984 heading 14500
2026/09/23 18:22:42 NPC  spawned at 42766 50037 -2984 heading 11500
2026/09/23 18:22:42 NPC  spawned at 42971 51372 -2992 heading 32768
2026/09/23 18:22:42 Received packet id 0x65 with 1 bytes
2026/09/23 18:22:42 Received packet id 0xda with 5 bytes
2026/09/23 18:22:42 User info: temp23 level 7 hp 214/214 mp 82/82 speed 125 x 15435
2026/09/23 18:22:42 Action failed
2026/09/23 18:22:43 Hunt: gear: swapping to the two hand Short Bow (4688)
2026/09/23 18:22:43 Hunt: gear: equipping Wooden Breastplate (47) into the empty chest slot
2026/09/23 18:22:43 Hunt: gear: equipping Bone Gaiters (32) into the empty legs slot
2026/09/23 18:22:43 Hunt: gear: equipping Leather Helmet (23) into the empty head slot
2026/09/23 18:22:43 Hunt: gear: equipping Necklace of Anguish (21) into the empty neck slot
2026/09/23 18:22:43 Hunt: gear: equipping Earring of Strength (16) into the empty right ear slot
2026/09/23 18:22:43 Hunt: gear: equipping Earring of Wisdom (16) into the empty left ear slot
2026/09/23 18:22:43 Hunt: gear: equipping Leather Gloves (15) into the empty gloves slot
2026/09/23 18:22:43 Hunt: gear: equipping Ring of Anguish (11) into the empty right finger slot
2026/09/23 18:22:43 Hunt: gear: equipping Apprentice's Shoes (8) into the empty feet slot
2026/09/23 18:22:43 Hunt: level 7: resuming the cell Green Dryad SW-9 - the login landed on its ground
2026/09/23 18:22:43 User info: temp23 level 7 hp 214/214 mp 82/82 speed 125 x 15435
2026/09/23 18:22:43 User info: temp23 level 7 hp 214/214 mp 82/82 speed 125 x 15435
2026/09/23 18:22:43 User info: temp23 level 7 hp 214/214 mp 82/82 speed 125 x 15435
2026/09/23 18:22:43 User info: temp23 level 7 hp 214/214 mp 82/82 speed 125 x 15435
2026/09/23 18:22:43 User info: temp23 level 7 hp 214/214 mp 82/82 speed 125 x 15435
2026/09/23 18:22:43 User info: temp23 level 7 hp 214/214 mp 82/82 speed 125 x 15435
2026/09/23 18:22:43 User info: temp23 level 7 hp 214/214 mp 82/82 speed 125 x 15435
2026/09/23 18:22:43 Action failed
2026/09/23 18:22:43 User info: temp23 level 7 hp 214/214 mp 82/82 speed 125 x 15435
2026/09/23 18:22:43 User info: temp23 level 7 hp 214/214 mp 82/82 speed 125 x 15435
2026/09/23 18:22:43 User info: temp23 level 7 hp 214/214 mp 82/82 speed 125 x 15435
2026/09/23 18:22:43 User info: temp23 level 7 hp 214/214 mp 82/82 speed 125 x 15435
2026/09/23 18:22:43 User info: temp23 level 7 hp 214/214 mp 82/82 speed 125 x 15435
2026/09/23 18:22:43 User info: temp23 level 7 hp 214/214 mp 82/82 speed 125 x 15435
2026/09/23 18:22:43 User info: temp23 level 7 hp 214/214 mp 82/82 speed 125 x 15435
2026/09/23 18:22:43 User info: temp23 level 7 hp 214/214 mp 82/82 speed 125 x 15435
2026/09/23 18:22:43 User info: temp23 level 7 hp 214/214 mp 82/82 speed 125 x 15435
2026/09/23 18:22:43 User info: temp23 level 7 hp 214/214 mp 82/82 speed 125 x 15435
2026/09/23 18:22:43 User info: temp23 level 7 hp 214/214 mp 82/82 speed 125 x 15435
2026/09/23 18:22:43 User info: temp23 level 7 hp 214/214 mp 82/82 speed 125 x 15435
2026/09/23 18:22:43 User info: temp23 level 7 hp 214/214 mp 82/82 speed 125 x 15435
2026/09/23 18:22:43 Skill list with 1 skills
2026/09/23 18:22:44 Received init packet with session id 6e9052f3
2026/09/23 18:22:44 Sent auth login for account temp24
2026/09/23 18:22:44 Authenticated on login server
2026/09/23 18:22:44 Received server list with 1 servers
2026/09/23 18:22:44 Selected game server 2 at 127.0.0.1:7777
2026/09/23 18:22:44 Sent protocol version 419
2026/09/23 18:22:44 Game server 2 accepted the protocol
2026/09/23 18:22:44 Sent game auth login for account temp24
2026/09/23 18:22:44 Received character list with 1 characters
2026/09/23 18:22:44 Selected character temp24
2026/09/23 18:22:44 Sent enter world request
2026/09/23 18:22:44 User info: temp24 level 7 hp 214/214 mp 82/82 speed 125 x 15435
2026/09/23 18:22:44 Inventory listed with 13 items
2026/09/23 18:22:44 Received packet id 0x57 with 5 bytes
2026/09/23 18:22:44 Quest journal with 0 quests, 0 quest items
2026/09/23 18:22:44 Player temp24 appeared at 37500 49363 -3520 speed 125
2026/09/23 18:22:44 Player temp24 appeared at 37500 49363 -3520 speed 125
2026/09/23 18:22:44 Player temp24 appeared at 37500 49363 -3520 speed 125
2026/09/23 18:22:44 NPC  spawned at 36728 47814 -3587 heading 41816
2026/09/23 18:22:44 NPC  spawned at 35931 49057 -3567 heading 29590
2026/09/23 18:22:44 NPC  spawned at 35325 47164 -3699 heading 27210
2026/09/23 18:22:44 NPC  spawned at 35378 48209 -3639 heading 59116
2026/09/23 18:22:44 NPC  spawned at 35960 50304 -3456 heading 21462
2026/09/23 18:22:44 NPC  spawned at 35973 50280 -3456 heading 21220
2026/09/23 18:22:44 Player temp20 appeared at 35968 50290 -3456 speed 125
2026/09/23 18:22:44 Received packet id 0xe7 with 21 bytes
2026/09/23 18:22:44 NPC  spawned at 35772 50408 -3567 heading 30188
2026/09/23 18:22:44 NPC  spawned at 35902 52285 -3572 heading 39621
2026/09/23 18:22:44 NPC  spawned at 36370 52378 -3520 heading 47819
2026/09/23 18:22:44 NPC  spawned at 35429 52251 -3567 heading 23987
2026/09/23 18:22:44 Player temp21 appeared at 36407 51766 -3536 speed 125
2026/09/23 18:22:44 Received packet id 0xe7 with 21 bytes
2026/09/23 18:22:44 Received packet id 0xe7 with 21 bytes
2026/09/23 18:22:44 Received packet id 0xe7 with 21 bytes
2026/09/23 18:22:44 Received packet id 0xe7 with 21 bytes
2026/09/23 18:22:44 NPC  spawned at 35688 52704 -3567 heading 24575
2026/09/23 18:22:44 NPC  spawned at 36948 47462 -3587 heading 18474
2026/09/23 18:22:44 NPC  spawned at 37454 48372 -3592 heading 0
2026/09/23 18:22:44 NPC  spawned at 37855 52996 -3548 heading 0
2026/09/23 18:22:44 NPC  spawned at 37913 51560 -3548 heading 0
2026/09/23 18:22:44 NPC  spawned at 37043 51467 -3543 heading 27468
2026/09/23 18:22:44 NPC  spawned at 37975 52551 -3543 heading 44263
2026/09/23 18:22:44 NPC  spawned at 37383 52794 -3548 heading 9774
2026/09/23 18:22:44 NPC  spawned at 37434 52957 -3548 heading 32149
2026/09/23 18:22:44 NPC  spawned at 38184 51841 -3548 heading 21863
2026/09/23 18:22:44 NPC  spawned at 37344 52175 -3543 heading 38914
2026/09/23 18:22:44 NPC  spawned at 39563 50424 -3543 heading 6440
2026/09/23 18:22:44 NPC  spawned at 40093 50870 -3543 heading 57785
2026/09/23 18:22:44 Player temp23 appeared at 39057 50248 -3512 speed 125
2026/09/23 18:22:44 Received packet id 0xe7 with 21 bytes
2026/09/23 18:22:44 NPC  spawned at 40116 50412 -3543 heading 21876
2026/09/23 18:22:44 NPC  spawned at 39517 49162 -3548 heading 45782
2026/09/23 18:22:44 NPC  spawned at 39668 52425 -3409 heading 63389
2026/09/23 18:22:44 NPC  spawned at 39992 51202 -3548 heading 0
2026/09/23 18:22:44 NPC  spawned at 40021 51948 -3414 heading 408
2026/09/23 18:22:44 NPC  spawned at 39499 51237 -3543 heading 31876
2026/09/23 18:22:44 NPC  spawned at 39647 52882 -3414 heading 0
2026/09/23 18:22:44 NPC  spawned at 39835 51933 -3414 heading 18130
2026/09/23 18:22:44 NPC  spawned at 39673 52390 -3409 heading 55345
2026/09/23 18:22:44 NPC  spawned at 39731 52445 -3414 heading 41452
2026/09/23 18:22:44 Received packet id 0x65 with 1 bytes
2026/09/23 18:22:44 Received packet id 0xda with 5 bytes
2026/09/23 18:22:44 User info: temp24 level 7 hp 214/214 mp 82/82 speed 125 x 15435
2026/09/23 18:22:44 Action failed
2026/09/23 18:22:44 Player temp24 appeared at 37500 49363 -3520 speed 125
2026/09/23 18:22:44 Player temp24 appeared at 37500 49363 -3520 speed 125
2026/09/23 18:22:44 Player temp24 appeared at 37500 49363 -3520 speed 125
2026/09/23 18:22:45 Hunt: gear: swapping to the two hand Short Bow (4688)
2026/09/23 18:22:45 Hunt: gear: equipping Wooden Breastplate (47) into the empty chest slot
2026/09/23 18:22:45 Hunt: gear: equipping Bone Gaiters (32) into the empty legs slot
2026/09/23 18:22:45 Hunt: gear: equipping Leather Helmet (23) into the empty head slot
2026/09/23 18:22:45 Hunt: gear: equipping Necklace of Anguish (21) into the empty neck slot
2026/09/23 18:22:45 Hunt: gear: equipping Earring of Strength (16) into the empty right ear slot
2026/09/23 18:22:45 Hunt: gear: equipping Earring of Wisdom (16) into the empty left ear slot
2026/09/23 18:22:45 Hunt: gear: equipping Leather Gloves (15) into the empty gloves slot
2026/09/23 18:22:45 Hunt: gear: equipping Ring of Anguish (11) into the empty right finger slot
2026/09/23 18:22:45 Hunt: gear: equipping Apprentice's Shoes (8) into the empty feet slot
2026/09/23 18:22:45 Hunt: level 7: resuming the cell Green Dryad SW-5 - the login landed on its ground
2026/09/23 18:22:45 User info: temp24 level 7 hp 214/214 mp 82/82 speed 125 x 15435
2026/09/23 18:22:45 User info: temp24 level 7 hp 214/214 mp 82/82 speed 125 x 15435
2026/09/23 18:22:45 User info: temp24 level 7 hp 214/214 mp 82/82 speed 125 x 15435
2026/09/23 18:22:45 User info: temp24 level 7 hp 214/214 mp 82/82 speed 125 x 15435
2026/09/23 18:22:45 User info: temp24 level 7 hp 214/214 mp 82/82 speed 125 x 15435
2026/09/23 18:22:45 User info: temp24 level 7 hp 214/214 mp 82/82 speed 125 x 15435
2026/09/23 18:22:45 User info: temp24 level 7 hp 214/214 mp 82/82 speed 125 x 15435
2026/09/23 18:22:45 User info: temp24 level 7 hp 214/214 mp 82/82 speed 125 x 15435
2026/09/23 18:22:45 User info: temp24 level 7 hp 214/214 mp 82/82 speed 125 x 15435
2026/09/23 18:22:45 User info: temp24 level 7 hp 214/214 mp 82/82 speed 125 x 15435
2026/09/23 18:22:45 User info: temp24 level 7 hp 214/214 mp 82/82 speed 125 x 15435
2026/09/23 18:22:45 User info: temp24 level 7 hp 214/214 mp 82/82 speed 125 x 15435
2026/09/23 18:22:45 User info: temp24 level 7 hp 214/214 mp 82/82 speed 125 x 15435
2026/09/23 18:22:45 User info: temp24 level 7 hp 214/214 mp 82/82 speed 125 x 15435
2026/09/23 18:22:45 User info: temp24 level 7 hp 214/214 mp 82/82 speed 125 x 15435
2026/09/23 18:22:45 User info: temp24 level 7 hp 214/214 mp 82/82 speed 125 x 15435
2026/09/23 18:22:45 User info: temp24 level 7 hp 214/214 mp 82/82 speed 125 x 15435
2026/09/23 18:22:45 User info: temp24 level 7 hp 214/214 mp 82/82 speed 125 x 15435
2026/09/23 18:22:45 User info: temp24 level 7 hp 214/214 mp 82/82 speed 125 x 15435
2026/09/23 18:22:45 User info: temp24 level 7 hp 214/214 mp 82/82 speed 125 x 15435
2026/09/23 18:22:45 Skill list with 1 skills
2026/09/23 18:22:45 Player temp24 appeared at 37500 49363 -3520 speed 125
2026/09/23 18:22:45 Player temp24 appeared at 37500 49363 -3520 speed 125
2026/09/23 18:22:45 Player temp24 appeared at 37500 49363 -3520 speed 125
2026/09/23 18:22:45 Received packet id 0x85 with 13 bytes
2026/09/23 18:22:45 Action failed
2026/09/23 18:22:45 Hunt: shot released on 268450384, hostile 268450384 holds 449 units, the retreat clicks at the windup end
2026/09/23 18:22:45 Player temp22 appeared at 34824 49292 -3496 speed 125
2026/09/23 18:22:45 Received packet id 0xe7 with 21 bytes
2026/09/23 18:22:45 NPC  spawned at 36948 47462 -3587 heading 18474
2026/09/23 18:22:45 NPC  spawned at 37454 48372 -3592 heading 0
2026/09/23 18:22:45 Player temp24 appeared at 37500 49363 -3520 speed 125
2026/09/23 18:22:45 Received packet id 0xe7 with 21 bytes
2026/09/23 18:22:45 NPC  spawned at 37855 52996 -3548 heading 0
2026/09/23 18:22:45 NPC  spawned at 37913 51560 -3548 heading 0
2026/09/23 18:22:45 NPC  spawned at 37043 51467 -3543 heading 27468
2026/09/23 18:22:45 NPC  spawned at 37975 52551 -3543 heading 44263
2026/09/23 18:22:45 NPC  spawned at 37383 52794 -3548 heading 9774
2026/09/23 18:22:45 NPC  spawned at 37409 52959 -3548 heading 32149
2026/09/23 18:22:45 NPC  spawned at 38184 51841 -3548 heading 21863
2026/09/23 18:22:45 NPC  spawned at 37344 52175 -3543 heading 38914
2026/09/23 18:22:46 Received packet id 0x85 with 13 bytes
2026/09/23 18:22:47 Hunt: the windup on 268450384 ended (hostile 268450384 at 449 units), kiting the reload tail
2026/09/23 18:22:47 NPC  spawned at 37043 51467 -3543 heading 27468
2026/09/23 18:22:47 NPC  spawned at 37043 51467 -3543 heading 27468
2026/09/23 18:22:47 NPC  spawned at 37043 51467 -3543 heading 27468
2026/09/23 18:22:47 NPC  spawned at 37043 51467 -3543 heading 27468
2026/09/23 18:22:47 NPC  spawned at 37043 51467 -3543 heading 27468
2026/09/23 18:22:49 Received packet id 0x85 with 13 bytes
2026/09/23 18:22:49 Received packet id 0x85 with 13 bytes
2026/09/23 18:22:49 Hunt: shot released on 268450379, hostile 268450379 holds 377 units, the retreat clicks at the windup end
2026/09/23 18:22:50 NPC  spawned at 39563 50424 -3543 heading 6440
2026/09/23 18:22:50 NPC  spawned at 39563 50424 -3543 heading 6440
2026/09/23 18:22:50 Received packet id 0x85 with 13 bytes
2026/09/23 18:22:51 Hunt: dropping the target 268450379: the ground rotation owns the way
2026/09/23 18:22:51 Hunt: the fight crossed into Kaboo Orc Grunt SW-6 (was Green Dryad SW-6), following the ground
2026/09/23 18:22:51 Hunt: the windup on 268450379 ended (hostile 268450379 at 149 units), kiting the reload tail
2026/09/23 18:22:51 Action failed
2026/09/23 18:22:52 Received packet id 0x85 with 13 bytes
2026/09/23 18:22:52 NPC  spawned at 35931 49057 -3567 heading 29590
2026/09/23 18:22:52 NPC  spawned at 35931 49057 -3567 heading 29590
2026/09/23 18:22:52 NPC  spawned at 35931 49057 -3567 heading 29590
2026/09/23 18:22:52 Hunt: hostile 268450379 holds 145 units at the walk end, the pursuit continues the retreat (step 1 of 8)
2026/09/23 18:22:53 Received packet id 0x85 with 13 bytes
2026/09/23 18:22:53 Hunt: shot released on 268450362, hostile 268450362 holds 399 units, the retreat clicks at the windup end
2026/09/23 18:22:55 Received packet id 0x85 with 13 bytes
2026/09/23 18:22:55 Action failed
2026/09/23 18:22:55 Hunt: hostile 268450379 holds 214 units at the walk end, the pursuit continues the retreat (step 2 of 8)
2026/09/23 18:22:55 Hunt: the chasers surround the bow fight on target 268450362, holding ground and shooting through the train
2026/09/23 18:22:56 NPC  spawned at 34675 52405 -3567 heading 56238
2026/09/23 18:22:56 NPC  spawned at 34562 51981 -3567 heading 52800
2026/09/23 18:22:56 NPC  spawned at 34094 51683 -3567 heading 9161
2026/09/23 18:22:56 NPC  spawned at 34166 51205 -3567 heading 65140
2026/09/23 18:22:56 Received packet id 0x85 with 13 bytes
2026/09/23 18:22:56 NPC  spawned at 36866 47670 -3587 heading 60488
2026/09/23 18:22:57 Action failed
2026/09/23 18:22:57 Hunt: dropping the target 268450362: the ground rotation owns the way
2026/09/23 18:22:57 Hunt: the fight crossed into Kaboo Orc Fighter SW-6 (was Green Dryad SW-5), following the ground
2026/09/23 18:22:57 Action failed
2026/09/23 18:22:57 Received packet id 0x85 with 13 bytes
2026/09/23 18:22:58 Hunt: no walkable retreat lane on target 268450379 (cornered), holding ground and shooting the bow - the pocket breakout: no gap geometry (the lone chaser owns the corner)
2026/09/23 18:22:58 Action failed
2026/09/23 18:22:58 Action failed
2026/09/23 18:22:59 NPC  spawned at 38276 47109 -3587 heading 24778
2026/09/23 18:22:59 NPC  spawned at 38276 47109 -3587 heading 24778
2026/09/23 18:22:59 NPC  spawned at 38276 47109 -3587 heading 24778
2026/09/23 18:22:59 NPC  spawned at 38276 47109 -3587 heading 24778
2026/09/23 18:22:59 Received packet id 0x85 with 13 bytes
2026/09/23 18:22:59 Hunt: Kaboo Orc Fighter stalks the fight 455 units out, stepping clear
2026/09/23 18:22:59 Action failed
2026/09/23 18:22:59 Received packet id 0x85 with 13 bytes
2026/09/23 18:23:00 Hunt: HP 66% in the fight, drinking a healing potion
2026/09/23 18:23:00 Received packet id 0x8e with 21 bytes
2026/09/23 18:23:00 User info: temp23 level 7 hp 142/214 mp 81/82 speed 125 x 15400
2026/09/23 18:23:00 Received packet id 0x85 with 13 bytes
2026/09/23 18:23:00 Action failed
2026/09/23 18:23:02 Hunt: the pile up run could not open 600 units within 20s, logging out anyway
2026/09/23 18:23:02 Hunt: death at the cell Kaboo Orc Grunt SW-5 (heat 1.0)
2026/09/23 18:23:02 Hunt: dropping the target 0: the ground rotation owns the way
2026/09/23 18:23:02 Hunt: regressing from Kaboo Orc Grunt SW-5 to Gray Wolf SW-3 after the death
2026/09/23 18:23:02 Hunt: 2 mobs piled on us, emergency logout for 2s
2026/09/23 18:23:02 Received packet id 0x85 with 13 bytes
2026/09/23 18:23:02 Received packet id 0x85 with 13 bytes
2026/09/23 18:23:02 Action failed
2026/09/23 18:23:02 Received packet id 0x85 with 13 bytes
2026/09/23 18:23:03 Received packet id 0x85 with 13 bytes
2026/09/23 18:23:03 Action failed
2026/09/23 18:23:04 Received init packet with session id 6b8f2f36
2026/09/23 18:23:04 Sent auth login for account temp20
2026/09/23 18:23:04 Authenticated on login server
2026/09/23 18:23:04 Received server list with 1 servers
2026/09/23 18:23:04 Selected game server 2 at 127.0.0.1:7777
2026/09/23 18:23:04 Sent protocol version 419
2026/09/23 18:23:04 Game server 2 accepted the protocol
2026/09/23 18:23:04 Sent game auth login for account temp20
2026/09/23 18:23:04 Received character list with 1 characters
2026/09/23 18:23:04 Selected character temp20
2026/09/23 18:23:04 Sent enter world request
2026/09/23 18:23:04 User info: temp20 level 7 hp 134/214 mp 82/82 speed 125 x 15423
2026/09/23 18:23:04 Inventory listed with 12 items
2026/09/23 18:23:04 Received packet id 0x57 with 5 bytes
2026/09/23 18:23:04 Quest journal with 0 quests, 0 quest items
2026/09/23 18:23:04 Player temp20 appeared at 36000 50229 -3456 speed 125
2026/09/23 18:23:04 Player temp20 appeared at 36000 50229 -3456 speed 125
2026/09/23 18:23:04 Player temp20 appeared at 36000 50229 -3456 speed 125
2026/09/23 18:23:04 Player temp22 appeared at 35468 49155 -3567 speed 125
2026/09/23 18:23:04 Received packet id 0xe7 with 21 bytes
2026/09/23 18:23:04 NPC  spawned at 36010 50221 -3456 heading 25730
2026/09/23 18:23:04 NPC  spawned at 36011 50219 -3456 heading 25072
2026/09/23 18:23:04 Player temp24 appeared at 35953 49187 -3567 speed 125
2026/09/23 18:23:04 Received packet id 0xe7 with 21 bytes
2026/09/23 18:23:04 NPC  spawned at 35960 50266 -3567 heading 27860
2026/09/23 18:23:04 NPC  spawned at 34367 51198 -3567 heading 65140
2026/09/23 18:23:04 NPC  spawned at 34675 52405 -3567 heading 56238
2026/09/23 18:23:04 NPC  spawned at 34527 51969 -3567 heading 36213
2026/09/23 18:23:04 NPC  spawned at 34122 51717 -3567 heading 9161
2026/09/23 18:23:04 NPC  spawned at 35480 49151 -3567 heading 29412
2026/09/23 18:23:04 NPC  spawned at 35378 48209 -3639 heading 59116
2026/09/23 18:23:04 NPC  spawned at 36182 52019 -3572 heading 57611
2026/09/23 18:23:04 NPC  spawned at 36370 52378 -3520 heading 47819
2026/09/23 18:23:04 NPC  spawned at 35692 51635 -3543 heading 40506
2026/09/23 18:23:04 NPC  spawned at 35643 52102 -3567 heading 59192
2026/09/23 18:23:04 Player temp21 appeared at 35656 51602 -3543 speed 125
2026/09/23 18:23:04 Received packet id 0xe7 with 21 bytes
2026/09/23 18:23:04 NPC  spawned at 35688 52704 -3567 heading 24575
2026/09/23 18:23:04 NPC  spawned at 38218 47166 -3587 heading 24778
2026/09/23 18:23:04 NPC  spawned at 37009 47595 -3587 heading 60488
2026/09/23 18:23:04 NPC  spawned at 37155 47200 -3587 heading 58064
2026/09/23 18:23:04 NPC  spawned at 37454 48372 -3592 heading 0
2026/09/23 18:23:04 NPC  spawned at 37855 52996 -3548 heading 0
2026/09/23 18:23:04 NPC  spawned at 37913 51560 -3548 heading 0
2026/09/23 18:23:04 Received packet id 0xe7 with 21 bytes
2026/09/23 18:23:04 Received packet id 0xe7 with 21 bytes
2026/09/23 18:23:04 Received packet id 0xe7 with 21 bytes
2026/09/23 18:23:04 NPC  spawned at 37692 52709 -3543 heading 27456
2026/09/23 18:23:04 NPC  spawned at 37529 52672 -3548 heading 23899
2026/09/23 18:23:04 NPC  spawned at 37409 52959 -3548 heading 32149
2026/09/23 18:23:04 NPC  spawned at 38220 51749 -3548 heading 59279
2026/09/23 18:23:04 NPC  spawned at 37344 52175 -3543 heading 38914
2026/09/23 18:23:04 Received packet id 0x65 with 1 bytes
2026/09/23 18:23:04 Received packet id 0xda with 5 bytes
2026/09/23 18:23:04 User info: temp20 level 7 hp 134/214 mp 82/82 speed 125 x 15423
2026/09/23 18:23:04 Action failed
2026/09/23 18:23:04 Player temp20 appeared at 36000 50229 -3456 speed 125
2026/09/23 18:23:04 Player temp20 appeared at 36000 50229 -3456 speed 125
2026/09/23 18:23:04 Player temp20 appeared at 36000 50229 -3456 speed 125
2026/09/23 18:23:04 Hunt: level 7: resuming the cell Kaboo Orc Grunt SW-5 - the login landed on its ground
2026/09/23 18:23:04 Action failed
2026/09/23 18:23:04 Skill list with 1 skills
2026/09/23 18:23:04 Hunt: dropping the target 268450362: the ground rotation owns the way
2026/09/23 18:23:04 Hunt: the fight crossed into Kaboo Orc Fighter SW-6 (was Kaboo Orc Grunt SW-5), following the ground
2026/09/23 18:23:04 Action failed
2026/09/23 18:23:05 Received packet id 0x85 with 13 bytes
2026/09/23 18:23:05 Action failed
2026/09/23 18:23:05 Received packet id 0x85 with 13 bytes
2026/09/23 18:23:05 Received packet id 0x85 with 13 bytes
2026/09/23 18:23:05 Action failed
2026/09/23 18:23:06 Received packet id 0x85 with 13 bytes
2026/09/23 18:23:08 Received packet id 0x85 with 13 bytes
2026/09/23 18:23:08 Received packet id 0x85 with 13 bytes
2026/09/23 18:23:08 Received packet id 0x85 with 13 bytes
2026/09/23 18:23:09 User info: temp22 level 7 hp 165/214 mp 82/82 speed 125 x 15393
2026/09/23 18:23:09 NPC  spawned at 35480 49151 -3567 heading 29412
2026/09/23 18:23:09 Received packet id 0x0b with 29 bytes
2026/09/23 18:23:09 NPC  spawned at 35480 49151 -3567 heading 29412
2026/09/23 18:23:09 NPC  spawned at 35480 49151 -3567 heading 29412
2026/09/23 18:23:09 User info: temp24 level 7 hp 214/214 mp 81/82 speed 125 x 15417
2026/09/23 18:23:09 NPC  spawned at 35480 49151 -3567 heading 29412
2026/09/23 18:23:09 Received packet id 0x0b with 29 bytes
2026/09/23 18:23:09 NPC  spawned at 35480 49151 -3567 heading 29412
2026/09/23 18:23:09 NPC  spawned at 35480 49151 -3567 heading 29412
2026/09/23 18:23:09 NPC  spawned at 35480 49151 -3567 heading 29412
2026/09/23 18:23:09 Received packet id 0x0b with 29 bytes
2026/09/23 18:23:09 NPC  spawned at 35480 49151 -3567 heading 29412
2026/09/23 18:23:09 NPC  spawned at 35480 49151 -3567 heading 29412
2026/09/23 18:23:09 Received packet id 0x85 with 13 bytes
2026/09/23 18:23:09 Action failed
2026/09/23 18:23:09 Hunt: target 268450362 died, looting
2026/09/23 18:23:09 Hunt: target 268450362 died, looting
2026/09/23 18:23:10 Action failed
2026/09/23 18:23:11 Action failed
2026/09/23 18:23:11 Received packet id 0x85 with 13 bytes
2026/09/23 18:23:11 Action failed
2026/09/23 18:23:11 Hunt: dropping the target 268450361: the ground rotation owns the way
2026/09/23 18:23:11 Hunt: the fight crossed into Kaboo Orc Grunt SW-5 (was Kaboo Orc Fighter SW-6), following the ground
2026/09/23 18:23:11 Action failed
2026/09/23 18:23:11 NPC  spawned at 36439 53246 -3572 heading 64145
2026/09/23 18:23:11 NPC  spawned at 36439 53246 -3572 heading 64145
2026/09/23 18:23:11 NPC  spawned at 36439 53246 -3572 heading 64145
2026/09/23 18:23:12 Action failed
2026/09/23 18:23:12 Hunt: dropping the target 268450361: the ground rotation owns the way
2026/09/23 18:23:12 Hunt: the fight crossed into Kaboo Orc Grunt SW-5 (was Kaboo Orc Fighter SW-6), following the ground
2026/09/23 18:23:12 Action failed
2026/09/23 18:23:12 Action failed
2026/09/23 18:23:12 Received packet id 0x85 with 13 bytes
2026/09/23 18:23:12 Action failed
2026/09/23 18:23:13 NPC  spawned at 33329 46302 -3639 heading 12238
2026/09/23 18:23:13 NPC  spawned at 33817 46828 -3639 heading 54964
2026/09/23 18:23:13 NPC  spawned at 34252 46571 -3639 heading 24826
2026/09/23 18:23:13 NPC  spawned at 34622 46653 -3639 heading 49899
2026/09/23 18:23:13 NPC  spawned at 33881 46293 -3639 heading 63866
2026/09/23 18:23:13 NPC  spawned at 35810 46184 -3699 heading 65191
2026/09/23 18:23:13 NPC  spawned at 36033 45328 -3639 heading 57965
2026/09/23 18:23:13 NPC  spawned at 35202 46961 -3699 heading 43470
2026/09/23 18:23:13 NPC  spawned at 37391 46996 -3587 heading 58064
2026/09/23 18:23:13 NPC  spawned at 37415 46381 -3587 heading 31889
2026/09/23 18:23:13 NPC  spawned at 37765 46607 -3592 heading 65417
2026/09/23 18:23:13 Action failed
2026/09/23 18:23:13 NPC  spawned at 33329 46302 -3639 heading 12238
2026/09/23 18:23:13 NPC  spawned at 33817 46828 -3639 heading 54964
2026/09/23 18:23:13 NPC  spawned at 34252 46571 -3639 heading 24826
2026/09/23 18:23:13 NPC  spawned at 34622 46653 -3639 heading 49899
2026/09/23 18:23:13 NPC  spawned at 33881 46293 -3639 heading 63866
2026/09/23 18:23:13 NPC  spawned at 35810 46184 -3699 heading 65191
2026/09/23 18:23:13 NPC  spawned at 36033 45328 -3639 heading 57965
2026/09/23 18:23:13 NPC  spawned at 35202 46961 -3699 heading 43470
2026/09/23 18:23:13 NPC  spawned at 37391 46996 -3587 heading 58064
2026/09/23 18:23:13 NPC  spawned at 37415 46381 -3587 heading 31889
2026/09/23 18:23:13 NPC  spawned at 37765 46607 -3592 heading 65417
2026/09/23 18:23:14 Player temp24 appeared at 35486 49163 -3565 speed 125
2026/09/23 18:23:14 Received packet id 0xe7 with 21 bytes
2026/09/23 18:23:14 NPC  spawned at 34527 51969 -3567 heading 36213
2026/09/23 18:23:14 NPC  spawned at 34122 51717 -3567 heading 9161
2026/09/23 18:23:14 NPC  spawned at 34390 51380 -3567 heading 15072
2026/09/23 18:23:14 NPC  spawned at 36182 52019 -3572 heading 57611
2026/09/23 18:23:14 NPC  spawned at 36370 52378 -3520 heading 47819
2026/09/23 18:23:14 NPC  spawned at 34898 52218 -3567 heading 58303
2026/09/23 18:23:14 NPC  spawned at 35692 51635 -3543 heading 40506
2026/09/23 18:23:14 NPC  spawned at 35643 52102 -3567 heading 59192
2026/09/23 18:23:14 Player temp21 appeared at 35656 51602 -3543 speed 125
2026/09/23 18:23:14 Received packet id 0xe7 with 21 bytes
2026/09/23 18:23:14 NPC  spawned at 36595 53226 -3572 heading 64145
2026/09/23 18:23:14 NPC  spawned at 35688 52704 -3567 heading 24575
2026/09/23 18:23:14 NPC  spawned at 37855 52996 -3548 heading 0
2026/09/23 18:23:14 NPC  spawned at 37913 51560 -3548 heading 0
2026/09/23 18:23:14 NPC  spawned at 37692 52709 -3543 heading 27456
2026/09/23 18:23:14 NPC  spawned at 37389 52833 -3548 heading 23899
2026/09/23 18:23:14 NPC  spawned at 37409 52959 -3548 heading 32149
2026/09/23 18:23:14 NPC  spawned at 38385 51637 -3548 heading 59279
2026/09/23 18:23:14 NPC  spawned at 37404 52148 -3543 heading 49269
2026/09/23 18:23:14 Received packet id 0x85 with 13 bytes
2026/09/23 18:23:15 User info: temp23 level 7 hp 214/214 mp 82/82 speed 125 x 15370
2026/09/23 18:23:15 Received packet id 0x85 with 13 bytes
2026/09/23 18:23:17 Received packet id 0x85 with 13 bytes
2026/09/23 18:23:18 Received packet id 0x85 with 13 bytes
2026/09/23 18:23:18 Action failed
2026/09/23 18:23:18 Hunt: HP 68% in the fight, drinking a healing potion
2026/09/23 18:23:18 Received packet id 0x8e with 21 bytes
2026/09/23 18:23:18 User info: temp21 level 7 hp 146/214 mp 81/82 speed 125 x 15376
2026/09/23 18:23:18 Received packet id 0x8e with 21 bytes
2026/09/23 18:23:18 Received packet id 0x8e with 21 bytes
2026/09/23 18:23:18 Received packet id 0x85 with 13 bytes
2026/09/23 18:23:18 Player temp21 appeared at 35656 51602 -3543 speed 125
2026/09/23 18:23:18 Player temp21 appeared at 35656 51602 -3543 speed 125
2026/09/23 18:23:19 Received packet id 0x85 with 13 bytes
2026/09/23 18:23:20 Received packet id 0x85 with 13 bytes
2026/09/23 18:23:21 Received packet id 0x85 with 13 bytes
2026/09/23 18:23:21 Received packet id 0x85 with 13 bytes
2026/09/23 18:23:22 Hunt: shot released on 268450361, hostile 268450361 holds 293 units, the retreat clicks at the windup end
2026/09/23 18:23:22 Received packet id 0x85 with 13 bytes
2026/09/23 18:23:22 Action failed
2026/09/23 18:23:22 Hunt: shot released on 268450361, hostile 268450361 holds 312 units, the retreat clicks at the windup end
2026/09/23 18:23:23 Received packet id 0x85 with 13 bytes
2026/09/23 18:23:23 Hunt: shot released on 268450379, hostile 268450379 holds 49 units, the retreat clicks at the windup end
2026/09/23 18:23:23 Hunt: the chasers surround the bow fight on target 268450361, holding ground and shooting through the train
2026/09/23 18:23:24 Hunt: the windup on 268450361 ended (hostile 268450361 at 13 units), kiting the reload tail
2026/09/23 18:23:24 Hunt: HP 54% in the fight, drinking a healing potion
2026/09/23 18:23:24 Received packet id 0x8e with 21 bytes
2026/09/23 18:23:24 User info: temp23 level 7 hp 116/214 mp 81/82 speed 125 x 15352
2026/09/23 18:23:24 Received packet id 0x85 with 13 bytes
2026/09/23 18:23:24 Received packet id 0x85 with 13 bytes
2026/09/23 18:23:25 Hunt: hostile 268450361 holds 13 units at the walk end, the pursuit continues the retreat (step 1 of 8)
2026/09/23 18:23:26 Received packet id 0x85 with 13 bytes
2026/09/23 18:23:26 Hunt: fleeing for 21s without shaking the chase, resetting the aggro via logout
2026/09/23 18:23:26 Hunt: death at the cell Kaboo Orc Fighter SW-6 (heat 1.0)
2026/09/23 18:23:26 Hunt: regressing from Kaboo Orc Fighter SW-6 to Gray Wolf SW-1 after the death
2026/09/23 18:23:26 Hunt: HP 55% under attack, emergency logout for 2s
2026/09/23 18:23:26 Hunt: hostile 268450361 closed to 14 units of the fight on 268450361, kiting clear (step 1 of 8)
2026/09/23 18:23:27 Received packet id 0x85 with 13 bytes
2026/09/23 18:23:27 User info: temp21 level 7 hp 196/214 mp 81/82 speed 125 x 15358
2026/09/23 18:23:27 NPC  spawned at 35692 51635 -3543 heading 40506
2026/09/23 18:23:27 Received packet id 0x0b with 29 bytes
2026/09/23 18:23:27 NPC  spawned at 35692 51635 -3543 heading 40506
2026/09/23 18:23:27 NPC  spawned at 35692 51635 -3543 heading 40506
2026/09/23 18:23:27 NPC  spawned at 35692 51635 -3543 heading 40506
2026/09/23 18:23:27 Received packet id 0x0b with 29 bytes
2026/09/23 18:23:27 NPC  spawned at 35692 51635 -3543 heading 40506
2026/09/23 18:23:27 NPC  spawned at 35692 51635 -3543 heading 40506
2026/09/23 18:23:27 NPC  spawned at 35692 51635 -3543 heading 40506
2026/09/23 18:23:27 Received packet id 0x0b with 29 bytes
2026/09/23 18:23:27 NPC  spawned at 35692 51635 -3543 heading 40506
2026/09/23 18:23:27 NPC  spawned at 35692 51635 -3543 heading 40506
2026/09/23 18:23:27 Hunt: target 268450379 died, looting
2026/09/23 18:23:27 Hunt: the chasers surround the bow fight on target 268450361, holding ground and shooting through the train
2026/09/23 18:23:27 Received packet id 0x85 with 13 bytes
2026/09/23 18:23:27 NPC  spawned at 35692 51635 -3543 heading 40506
2026/09/23 18:23:27 NPC  spawned at 35692 51635 -3543 heading 40506
2026/09/23 18:23:27 NPC  spawned at 35692 51635 -3543 heading 40506
2026/09/23 18:23:28 NPC  spawned at 37346 47108 -3587 heading 20324
2026/09/23 18:23:28 NPC  spawned at 37346 47108 -3587 heading 20324
2026/09/23 18:23:28 NPC  spawned at 37346 47108 -3587 heading 20324
2026/09/23 18:23:28 Hunt: hostile 268450361 holds 333 units at the walk end, the pursuit continues the retreat (step 2 of 8)
2026/09/23 18:23:28 NPC  spawned at 35643 52102 -3567 heading 59192
2026/09/23 18:23:28 NPC  spawned at 35643 52102 -3567 heading 59192
2026/09/23 18:23:28 NPC  spawned at 35643 52102 -3567 heading 59192
2026/09/23 18:23:29 Action failed
2026/09/23 18:23:29 Action failed
2026/09/23 18:23:29 Action failed
2026/09/23 18:23:30 Received packet id 0x85 with 13 bytes
2026/09/23 18:23:30 Received init packet with session id df6761d7
2026/09/23 18:23:30 Sent auth login for account temp20
2026/09/23 18:23:30 Authenticated on login server
2026/09/23 18:23:30 Received server list with 1 servers
2026/09/23 18:23:30 Selected game server 2 at 127.0.0.1:7777
2026/09/23 18:23:30 Sent protocol version 419
2026/09/23 18:23:30 Game server 2 accepted the protocol
2026/09/23 18:23:30 Sent game auth login for account temp20
2026/09/23 18:23:30 Received character list with 1 characters
2026/09/23 18:23:30 NPC  spawned at 35839 47939 -3456 heading 46229
2026/09/23 18:23:30 NPC  spawned at 35839 47939 -3456 heading 46229
2026/09/23 18:23:30 Selected character temp20
2026/09/23 18:23:30 Sent enter world request
2026/09/23 18:23:30 User info: temp20 level 7 hp 120/214 mp 82/82 speed 125 x 15423
2026/09/23 18:23:30 Inventory listed with 12 items
2026/09/23 18:23:30 Received packet id 0x57 with 5 bytes
2026/09/23 18:23:30 Quest journal with 0 quests, 0 quest items
2026/09/23 18:23:30 Player temp20 appeared at 35806 47824 -3456 speed 125
2026/09/23 18:23:30 Player temp20 appeared at 35806 47824 -3456 speed 125
2026/09/23 18:23:30 Received packet id 0xe7 with 21 bytes
2026/09/23 18:23:30 Received packet id 0xe7 with 21 bytes
2026/09/23 18:23:30 NPC  spawned at 36771 47484 -3587 heading 37319
2026/09/23 18:23:30 NPC  spawned at 35839 47939 -3456 heading 17137
2026/09/23 18:23:30 NPC  spawned at 35336 48319 -3639 heading 27211
2026/09/23 18:23:30 NPC  spawned at 33329 46302 -3639 heading 12238
2026/09/23 18:23:30 NPC  spawned at 33817 46828 -3639 heading 54964
2026/09/23 18:23:30 NPC  spawned at 34487 46446 -3639 heading 60437
2026/09/23 18:23:30 NPC  spawned at 33881 46293 -3639 heading 63866
2026/09/23 18:23:30 NPC  spawned at 35810 46184 -3699 heading 65191
2026/09/23 18:23:30 NPC  spawned at 34822 46492 -3639 heading 58466
2026/09/23 18:23:30 NPC  spawned at 36033 45328 -3639 heading 57965
2026/09/23 18:23:30 NPC  spawned at 35281 47051 -3699 heading 8869
2026/09/23 18:23:30 Player temp22 appeared at 35898 49912 -3456 speed 125
2026/09/23 18:23:30 Received packet id 0xe7 with 21 bytes
2026/09/23 18:23:30 NPC  spawned at 35886 49908 -3456 heading 3355
2026/09/23 18:23:30 Player temp24 appeared at 36342 49666 -3456 speed 125
2026/09/23 18:23:30 Received packet id 0xe7 with 21 bytes
2026/09/23 18:23:30 NPC  spawned at 35445 50608 -3567 heading 58915
2026/09/23 18:23:30 NPC  spawned at 37463 46505 -3587 heading 12531
2026/09/23 18:23:30 NPC  spawned at 37483 46315 -3592 heading 41141
2026/09/23 18:23:30 NPC  spawned at 38218 47166 -3587 heading 24778
2026/09/23 18:23:30 NPC  spawned at 37291 47248 -3587 heading 20324
2026/09/23 18:23:30 NPC  spawned at 37454 48372 -3592 heading 0
2026/09/23 18:23:30 Received packet id 0x65 with 1 bytes
2026/09/23 18:23:30 Received packet id 0xda with 5 bytes
2026/09/23 18:23:30 User info: temp20 level 7 hp 120/214 mp 82/82 speed 125 x 15423
2026/09/23 18:23:30 Action failed
2026/09/23 18:23:30 Player temp20 appeared at 35806 47824 -3456 speed 125
2026/09/23 18:23:30 Player temp20 appeared at 35806 47824 -3456 speed 125
2026/09/23 18:23:30 Received packet id 0x85 with 13 bytes
2026/09/23 18:23:30 Hunt: level 7: resuming the cell Kaboo Orc Fighter SW-6 - the login landed on its ground
2026/09/23 18:23:30 Hunt: HP 56% below 60%, sitting down to regenerate
2026/09/23 18:23:30 Skill list with 1 skills
2026/09/23 18:23:31 Hunt: shot released on 268450361, hostile 268450361 holds 13 units, the retreat clicks at the windup end
2026/09/23 18:23:31 NPC  spawned at 36182 52019 -3572 heading 57611
2026/09/23 18:23:31 NPC  spawned at 36182 52019 -3572 heading 57611
2026/09/23 18:23:31 NPC  spawned at 36182 52019 -3572 heading 57611
2026/09/23 18:23:32 NPC  spawned at 36063 51520 -3572 heading 0
2026/09/23 18:23:32 NPC  spawned at 36063 51520 -3572 heading 0
2026/09/23 18:23:32 NPC  spawned at 36063 51520 -3572 heading 0
2026/09/23 18:23:32 NPC  spawned at 36063 51520 -3572 heading 0
2026/09/23 18:23:32 NPC  spawned at 36063 51520 -3572 heading 0
2026/09/23 18:23:32 NPC  spawned at 36063 51520 -3572 heading 0
2026/09/23 18:23:32 NPC  spawned at 36063 51520 -3572 heading 0
2026/09/23 18:23:32 NPC  spawned at 36063 51520 -3572 heading 0
2026/09/23 18:23:32 NPC  spawned at 36063 51520 -3572 heading 0
2026/09/23 18:23:32 Received packet id 0x85 with 13 bytes
2026/09/23 18:23:32 Action failed
2026/09/23 18:23:32 NPC  spawned at 35886 49908 -3456 heading 3355
2026/09/23 18:23:32 Received packet id 0x0b with 29 bytes
2026/09/23 18:23:32 NPC  spawned at 35886 49908 -3456 heading 3355
2026/09/23 18:23:32 NPC  spawned at 35886 49908 -3456 heading 3355
2026/09/23 18:23:32 NPC  spawned at 35886 49908 -3456 heading 3355
2026/09/23 18:23:32 User info: temp24 level 7 hp 212/214 mp 81/82 speed 125 x 15399
2026/09/23 18:23:32 NPC  spawned at 35886 49908 -3456 heading 3355
2026/09/23 18:23:32 Received packet id 0x0b with 29 bytes
2026/09/23 18:23:32 NPC  spawned at 35886 49908 -3456 heading 3355
2026/09/23 18:23:32 NPC  spawned at 35886 49908 -3456 heading 3355
2026/09/23 18:23:32 Received packet id 0x0b with 29 bytes
2026/09/23 18:23:32 NPC  spawned at 35886 49908 -3456 heading 3355
2026/09/23 18:23:32 NPC  spawned at 35886 49908 -3456 heading 3355
2026/09/23 18:23:32 User info: temp22 level 7 hp 165/214 mp 81/82 speed 125 x 15363
2026/09/23 18:23:32 NPC  spawned at 35886 49908 -3456 heading 3355
2026/09/23 18:23:32 Received packet id 0x0b with 29 bytes
2026/09/23 18:23:32 NPC  spawned at 35886 49908 -3456 heading 3355
2026/09/23 18:23:32 NPC  spawned at 35886 49908 -3456 heading 3355
2026/09/23 18:23:32 Hunt: target 268450361 died, looting
2026/09/23 18:23:32 Hunt: target 268450361 died, looting
2026/09/23 18:23:32 Action failed
2026/09/23 18:23:32 Action failed
2026/09/23 18:23:32 Inventory listed with 13 items
2026/09/23 18:23:32 Action failed
2026/09/23 18:23:32 Action failed
2026/09/23 18:23:33 Hunt: 2 mobs piled on us, running 600 units from the aggro point before the logout
2026/09/23 18:23:33 Received packet id 0x85 with 13 bytes
2026/09/23 18:23:33 Action failed
2026/09/23 18:23:33 User info: temp21 level 7 hp 214/214 mp 82/82 speed 125 x 15358
2026/09/23 18:23:33 Player temp21 appeared at 36056 51898 -3523 speed 125
2026/09/23 18:23:33 Player temp21 appeared at 36056 51898 -3523 speed 125
2026/09/23 18:23:34 Hunt: HP 65% in the fight, drinking a healing potion
2026/09/23 18:23:35 Received packet id 0x85 with 13 bytes
2026/09/23 18:23:35 Hunt: shot released on 268450368, hostile 268450368 holds 365 units, the retreat clicks at the windup end
2026/09/23 18:23:36 Received packet id 0x85 with 13 bytes
2026/09/23 18:23:37 NPC  spawned at 35670 50443 -3567 heading 58915
2026/09/23 18:23:37 NPC  spawned at 35670 50443 -3567 heading 58915
2026/09/23 18:23:37 NPC  spawned at 35670 50443 -3567 heading 58915
2026/09/23 18:23:37 NPC  spawned at 35670 50443 -3567 heading 58915
2026/09/23 18:23:37 Hunt: the windup on 268450368 ended (hostile 268450368 at 365 units), kiting the reload tail
2026/09/23 18:23:37 Received packet id 0x85 with 13 bytes
2026/09/23 18:23:37 Hunt: shot released on 268450368, hostile 268450368 holds 432 units, the retreat clicks at the windup end
2026/09/23 18:23:38 User info: temp23 level 7 hp 150/214 mp 82/82 speed 125 x 15317
2026/09/23 18:23:38 NPC  spawned at 39563 50424 -3543 heading 36263
2026/09/23 18:23:38 Received packet id 0x0b with 29 bytes
2026/09/23 18:23:38 NPC  spawned at 39563 50424 -3543 heading 36263
2026/09/23 18:23:38 NPC  spawned at 39563 50424 -3543 heading 36263
2026/09/23 18:23:38 Hunt: target 268450384 died, looting
2026/09/23 18:23:38 Hunt: hostile 268450368 holds 335 units at the walk end, the pursuit continues the retreat (step 1 of 8)
2026/09/23 18:23:39 Hunt: the windup on 268450368 ended (hostile 268450368 at 219 units), kiting the reload tail
2026/09/23 18:23:39 User info: temp23 level 7 hp 166/214 mp 82/82 speed 125 x 15317
2026/09/23 18:23:40 Hunt: hostile 268450368 holds 121 units at the walk end, the pursuit continues the retreat (step 1 of 8)
2026/09/23 18:23:41 Action failed
2026/09/23 18:23:41 Action failed
2026/09/23 18:23:41 Hunt: hostile 268450368 holds 284 units at the walk end, the pursuit continues the retreat (step 2 of 8)
2026/09/23 18:23:42 Action failed
2026/09/23 18:23:42 Action failed
2026/09/23 18:23:43 Action failed
2026/09/23 18:23:43 Hunt: dropping the target 268450388: the ground rotation owns the way
2026/09/23 18:23:43 Hunt: the fight crossed into Green Dryad SW-8 (was Green Dryad SW-9), following the ground
2026/09/23 18:23:43 Action failed
2026/09/23 18:23:43 Hunt: hostile 268450368 holds 158 units at the walk end, the pursuit continues the retreat (step 2 of 8)
2026/09/23 18:23:44 Hunt: hostile 268450368 holds 328 units at the walk end, the pursuit continues the retreat (step 3 of 8)
2026/09/23 18:23:44 Action failed
2026/09/23 18:23:46 Hunt: hostile 268450368 holds 376 units at the walk end, the pursuit continues the retreat (step 3 of 8)
2026/09/23 18:23:46 NPC  spawned at 35266 47106 -3699 heading 19113
2026/09/23 18:23:46 NPC  spawned at 35266 47106 -3699 heading 19113
2026/09/23 18:23:47 Hunt: hostile 268450368 holds 343 units at the walk end, the pursuit continues the retreat (step 4 of 8)
2026/09/23 18:23:48 Received packet id 0x85 with 13 bytes
2026/09/23 18:23:48 Action failed
2026/09/23 18:23:50 NPC  spawned at 37790 52805 -3548 heading 0
2026/09/23 18:23:50 NPC  spawned at 37790 52805 -3548 heading 0
2026/09/23 18:23:50 NPC  spawned at 37790 52805 -3548 heading 0
2026/09/23 18:23:50 NPC  spawned at 37790 52805 -3548 heading 0
2026/09/23 18:23:50 NPC  spawned at 37790 52805 -3548 heading 0
2026/09/23 18:23:50 NPC  spawned at 37790 52805 -3548 heading 0
2026/09/23 18:23:50 NPC  spawned at 37790 52805 -3548 heading 0
2026/09/23 18:23:50 NPC  spawned at 37790 52805 -3548 heading 0
2026/09/23 18:23:50 NPC  spawned at 39240 49466 -3548 heading 25339
2026/09/23 18:23:50 Hunt: target 268450368 does not engage, switching to another
2026/09/23 18:23:50 Hunt: Spore Fungus is on us, fighting it instead of picking a new target
2026/09/23 18:23:50 Hunt: the chasers surround the bow fight on target 268450368, holding ground and shooting through the train
2026/09/23 18:23:50 Received packet id 0x85 with 13 bytes
2026/09/23 18:23:50 Action failed
2026/09/23 18:23:50 Received packet id 0x85 with 13 bytes
2026/09/23 18:23:50 Hunt: shot released on 268450368, hostile 268450368 holds 351 units, the retreat clicks at the windup end
2026/09/23 18:23:51 Received packet id 0x85 with 13 bytes
2026/09/23 18:23:52 Hunt: shot released on 268450388, hostile 268450388 holds 381 units, the retreat clicks at the windup end
2026/09/23 18:23:52 Hunt: the chasers surround the bow fight on target 268450368, holding ground and shooting through the train
2026/09/23 18:23:53 Hunt: the pile up run could not open 600 units within 20s, logging out anyway
2026/09/23 18:23:53 Hunt: death at the cell Kaboo Orc Grunt SW-6 (heat 1.0)
2026/09/23 18:23:53 Hunt: dropping the target 0: the ground rotation owns the way
2026/09/23 18:23:53 Hunt: regressing from Kaboo Orc Grunt SW-6 to Gray Wolf SW-2 after the death
2026/09/23 18:23:53 Hunt: 2 mobs piled on us, emergency logout for 2s
2026/09/23 18:23:53 Received packet id 0x85 with 13 bytes
2026/09/23 18:23:53 Hunt: no walkable retreat lane on target 268450388 (cornered), holding ground and shooting the bow - the pocket breakout: no gap geometry (the lone chaser owns the corner)
2026/09/23 18:23:53 Received packet id 0x85 with 13 bytes
2026/09/23 18:23:53 Hunt: shot released on 268450368, hostile 268450368 holds 63 units, the retreat clicks at the windup end
2026/09/23 18:23:53 Hunt: dropping the target 268450388: the ground rotation owns the way
2026/09/23 18:23:53 Hunt: the fight crossed into Green Dryad SW-9 (was Green Dryad SW-8), following the ground
2026/09/23 18:23:53 Action failed
2026/09/23 18:23:54 Received packet id 0x85 with 13 bytes
2026/09/23 18:23:55 NPC  spawned at 34083 51945 -3572 heading 0
2026/09/23 18:23:55 NPC  spawned at 34083 51945 -3572 heading 0
2026/09/23 18:23:55 NPC  spawned at 34083 51945 -3572 heading 0
2026/09/23 18:23:55 NPC  spawned at 34083 51945 -3572 heading 0
2026/09/23 18:23:55 NPC  spawned at 34083 51945 -3572 heading 0
2026/09/23 18:23:55 NPC  spawned at 34083 51945 -3572 heading 0
2026/09/23 18:23:55 Hunt: the windup on 268450368 ended (hostile 268450368 at 288 units), kiting the reload tail
2026/09/23 18:23:55 Received init packet with session id 63e692fc
2026/09/23 18:23:55 Sent auth login for account temp21
2026/09/23 18:23:55 Authenticated on login server
2026/09/23 18:23:55 Received server list with 1 servers
2026/09/23 18:23:55 Selected game server 2 at 127.0.0.1:7777
2026/09/23 18:23:55 Sent protocol version 419
2026/09/23 18:23:55 Game server 2 accepted the protocol
2026/09/23 18:23:55 Sent game auth login for account temp21
2026/09/23 18:23:55 Received character list with 1 characters
2026/09/23 18:23:55 Selected character temp21
2026/09/23 18:23:55 Sent enter world request
2026/09/23 18:23:55 User info: temp21 level 7 hp 71/214 mp 82/82 speed 125 x 15358
2026/09/23 18:23:55 Inventory listed with 13 items
2026/09/23 18:23:55 Received packet id 0x57 with 5 bytes
2026/09/23 18:23:55 Quest journal with 0 quests, 0 quest items
2026/09/23 18:23:55 Player temp21 appeared at 36041 52295 -3523 speed 125
2026/09/23 18:23:55 Received packet id 0xe7 with 21 bytes
2026/09/23 18:23:55 Player temp21 appeared at 36041 52295 -3523 speed 125
2026/09/23 18:23:55 Received packet id 0xe7 with 21 bytes
2026/09/23 18:23:55 NPC  spawned at 35817 52189 -3523 heading 5636
2026/09/23 18:23:55 NPC  spawned at 36370 52378 -3520 heading 47819
2026/09/23 18:23:55 NPC  spawned at 34837 52292 -3567 heading 24575
2026/09/23 18:23:55 NPC  spawned at 35905 52176 -3523 heading 9463
2026/09/23 18:23:55 NPC  spawned at 36063 51520 -3572 heading 0
2026/09/23 18:23:55 NPC  spawned at 36595 53226 -3572 heading 64145
2026/09/23 18:23:55 NPC  spawned at 36074 52442 -3567 heading 58925
2026/09/23 18:23:55 NPC  spawned at 34083 51945 -3572 heading 0
2026/09/23 18:23:55 NPC  spawned at 34500 51976 -3567 heading 59556
2026/09/23 18:23:55 NPC  spawned at 34122 51717 -3567 heading 9161
2026/09/23 18:23:55 NPC  spawned at 34390 51380 -3567 heading 15072
2026/09/23 18:23:55 NPC  spawned at 33353 53526 -3590 heading 55431
2026/09/23 18:23:55 NPC  spawned at 33771 54715 -3585 heading 55214
2026/09/23 18:23:55 NPC  spawned at 34225 54205 -3585 heading 19491
2026/09/23 18:23:55 Player temp22 appeared at 35654 50572 -3567 speed 125
2026/09/23 18:23:55 Received packet id 0xe7 with 21 bytes
2026/09/23 18:23:55 NPC  spawned at 35749 49169 -3456 heading 17137
2026/09/23 18:23:55 Player temp24 appeared at 35759 50243 -3567 speed 125
2026/09/23 18:23:55 Received packet id 0xe7 with 21 bytes
2026/09/23 18:23:55 NPC  spawned at 35750 50300 -3567 heading 50785
2026/09/23 18:23:55 NPC  spawned at 37855 52996 -3548 heading 0
2026/09/23 18:23:55 NPC  spawned at 37943 51759 -3548 heading 14823
2026/09/23 18:23:55 NPC  spawned at 37790 52805 -3548 heading 0
2026/09/23 18:23:55 NPC  spawned at 37593 52555 -3543 heading 49262
2026/09/23 18:23:55 NPC  spawned at 37389 52833 -3548 heading 23899
2026/09/23 18:23:55 NPC  spawned at 37409 52959 -3548 heading 32149
2026/09/23 18:23:55 NPC  spawned at 38076 51790 -3548 heading 29358
2026/09/23 18:23:55 NPC  spawned at 37506 52274 -3543 heading 2722
2026/09/23 18:23:55 Received packet id 0x65 with 1 bytes
2026/09/23 18:23:55 Received packet id 0xda with 5 bytes
2026/09/23 18:23:55 User info: temp21 level 7 hp 71/214 mp 82/82 speed 125 x 15358
2026/09/23 18:23:55 Action failed
2026/09/23 18:23:55 Player temp21 appeared at 36041 52295 -3523 speed 125
2026/09/23 18:23:55 Player temp21 appeared at 36041 52295 -3523 speed 125
2026/09/23 18:23:55 Hunt: hostile 268450368 closed to 58 units of the fight on 268450368, kiting clear (step 4 of 8)
2026/09/23 18:23:55 Hunt: level 7: resuming the cell Kaboo Orc Grunt SW-6 - the login landed on its ground
2026/09/23 18:23:55 Hunt: HP 33% below 60%, sitting down to regenerate
2026/09/23 18:23:55 Skill list with 1 skills
2026/09/23 18:23:56 Hunt: hostile 268450368 holds 288 units at the walk end, the pursuit continues the retreat (step 5 of 8)
2026/09/23 18:23:56 Hunt: hostile 268450388 closed to 13 units of the fight on 268450388, kiting clear (step 1 of 8)
2026/09/23 18:23:56 Hunt: hostile 268450368 holds 114 units at the walk end, the pursuit continues the retreat (step 5 of 8)
2026/09/23 18:23:57 Hunt: hostile 268450388 holds 13 units at the walk end, the pursuit continues the retreat (step 2 of 8)
2026/09/23 18:23:59 Received packet id 0x85 with 13 bytes
2026/09/23 18:24:00 Hunt: shot released on 268450368, hostile 268450368 holds 284 units, the retreat clicks at the windup end
2026/09/23 18:24:00 NPC  spawned at 38560 50876 -3548 heading 0
2026/09/23 18:24:00 NPC  spawned at 38560 50876 -3548 heading 0
2026/09/23 18:24:00 NPC  spawned at 38560 50876 -3548 heading 0
2026/09/23 18:24:00 NPC  spawned at 38560 50876 -3548 heading 0
2026/09/23 18:24:00 NPC  spawned at 38560 50876 -3548 heading 0
2026/09/23 18:24:00 NPC  spawned at 38560 50876 -3548 heading 0
2026/09/23 18:24:00 NPC  spawned at 38560 50876 -3548 heading 0
2026/09/23 18:24:00 NPC  spawned at 38560 50876 -3548 heading 0
2026/09/23 18:24:00 NPC  spawned at 38560 50876 -3548 heading 0
2026/09/23 18:24:00 NPC  spawned at 38560 50876 -3548 heading 0
2026/09/23 18:24:00 NPC  spawned at 38560 50876 -3548 heading 0
2026/09/23 18:24:00 NPC  spawned at 38560 50876 -3548 heading 0
2026/09/23 18:24:00 NPC  spawned at 38560 50876 -3548 heading 0
2026/09/23 18:24:00 NPC  spawned at 38560 50876 -3548 heading 0
2026/09/23 18:24:00 NPC  spawned at 38560 50876 -3548 heading 0
2026/09/23 18:24:00 Hunt: the chasers surround the bow fight on target 268450388, holding ground and shooting through the train
2026/09/23 18:24:00 Action failed
2026/09/23 18:24:01 Hunt: the chasers surround the bow fight on target 268450368, holding ground and shooting through the train
2026/09/23 18:24:01 Received packet id 0x85 with 13 bytes
2026/09/23 18:24:02 Received packet id 0x85 with 13 bytes
2026/09/23 18:24:02 Received packet id 0x85 with 13 bytes
2026/09/23 18:24:02 Action failed
2026/09/23 18:24:02 Hunt: shot released on 268450368, hostile 268450368 holds 396 units, the retreat clicks at the windup end
2026/09/23 18:24:03 Hunt: hostile 268450388 closed to 13 units of the fight on 268450388, kiting clear (step 3 of 8)
2026/09/23 18:24:04 Hunt: HP 69% in the fight, drinking a healing potion
2026/09/23 18:24:04 Received packet id 0x8e with 21 bytes
2026/09/23 18:24:04 User info: temp23 level 7 hp 147/214 mp 82/82 speed 125 x 15431
2026/09/23 18:24:04 Hunt: the windup on 268450368 ended (hostile 268450368 at 396 units), kiting the reload tail
2026/09/23 18:24:04 Skill list with 1 skills
2026/09/23 18:24:05 Hunt: hostile 268450388 holds 167 units at the walk end, the pursuit continues the retreat (step 4 of 8)
2026/09/23 18:24:05 Received packet id 0x85 with 13 bytes
2026/09/23 18:24:05 Hunt: HP 67% in the fight, drinking a healing potion
2026/09/23 18:24:05 Received packet id 0x8e with 21 bytes
2026/09/23 18:24:05 Received packet id 0x8e with 21 bytes
2026/09/23 18:24:05 Received packet id 0x8e with 21 bytes
2026/09/23 18:24:05 Received packet id 0x8e with 21 bytes
2026/09/23 18:24:05 Hunt: hostile 268450368 holds 396 units at the walk end, the pursuit continues the retreat (step 6 of 8)
2026/09/23 18:24:05 User info: temp24 level 7 hp 143/214 mp 81/82 speed 125 x 15363
2026/09/23 18:24:05 Player temp24 appeared at 36191 50503 -3567 speed 125
2026/09/23 18:24:05 Player temp24 appeared at 36191 50503 -3567 speed 125
2026/09/23 18:24:05 Player temp24 appeared at 36191 50503 -3567 speed 125
2026/09/23 18:24:08 Hunt: the chasers surround the bow fight on target 268450388, holding ground and shooting through the train
2026/09/23 18:24:08 Received packet id 0x85 with 13 bytes
2026/09/23 18:24:08 Action failed
2026/09/23 18:24:08 Received packet id 0x85 with 13 bytes
2026/09/23 18:24:09 Received packet id 0x85 with 13 bytes
2026/09/23 18:24:11 Received packet id 0x85 with 13 bytes
2026/09/23 18:24:11 Hunt: shot released on 268450388, hostile 268450388 holds 13 units, the retreat clicks at the windup end
2026/09/23 18:24:11 Received packet id 0x85 with 13 bytes
2026/09/23 18:24:12 Received packet id 0x85 with 13 bytes
2026/09/23 18:24:12 Hunt: the windup on 268450388 ended (hostile 268450388 at 13 units), kiting the reload tail
2026/09/23 18:24:13 User info: temp22 level 7 hp 172/214 mp 81/82 speed 125 x 15327
2026/09/23 18:24:13 NPC  spawned at 36145 50468 -3567 heading 6784
2026/09/23 18:24:13 Received packet id 0x0b with 29 bytes
2026/09/23 18:24:13 NPC  spawned at 36145 50468 -3567 heading 6784
2026/09/23 18:24:13 NPC  spawned at 36145 50468 -3567 heading 6784
2026/09/23 18:24:13 NPC  spawned at 36145 50468 -3567 heading 6784
2026/09/23 18:24:13 Received packet id 0x0b with 29 bytes
2026/09/23 18:24:13 NPC  spawned at 36145 50468 -3567 heading 6784
2026/09/23 18:24:13 NPC  spawned at 36145 50468 -3567 heading 6784
2026/09/23 18:24:13 User info: temp24 level 7 hp 155/214 mp 81/82 speed 125 x 15346
2026/09/23 18:24:13 NPC  spawned at 36145 50468 -3567 heading 6784
2026/09/23 18:24:13 Received packet id 0x0b with 29 bytes
2026/09/23 18:24:13 NPC  spawned at 36145 50468 -3567 heading 6784
2026/09/23 18:24:13 NPC  spawned at 36145 50468 -3567 heading 6784
2026/09/23 18:24:13 NPC  spawned at 36145 50468 -3567 heading 6784
2026/09/23 18:24:13 Received packet id 0x0b with 29 bytes
2026/09/23 18:24:13 NPC  spawned at 36145 50468 -3567 heading 6784
2026/09/23 18:24:13 NPC  spawned at 36145 50468 -3567 heading 6784
2026/09/23 18:24:13 Hunt: target 268450368 died, looting
2026/09/23 18:24:13 Hunt: target 268450368 died, looting
2026/09/23 18:24:13 Action failed
2026/09/23 18:24:14 Hunt: hostile 268450388 holds 166 units at the walk end, the pursuit continues the retreat (step 5 of 8)
2026/09/23 18:24:14 Action failed
2026/09/23 18:24:14 NPC  spawned at 35682 50109 -3572 heading 17137
2026/09/23 18:24:14 NPC  spawned at 35682 50109 -3572 heading 17137
2026/09/23 18:24:14 NPC  spawned at 35682 50109 -3572 heading 17137
2026/09/23 18:24:14 NPC  spawned at 35682 50109 -3572 heading 17137
2026/09/23 18:24:14 Action failed
2026/09/23 18:24:14 Action failed
2026/09/23 18:24:16 Action failed
2026/09/23 18:24:16 Action failed
2026/09/23 18:24:16 Skill list with 1 skills
2026/09/23 18:24:16 Action failed
2026/09/23 18:24:16 Hunt: dropping the target 268450362: the ground rotation owns the way
2026/09/23 18:24:16 Hunt: the fight crossed into Kaboo Orc Grunt SW-6 (was Kaboo Orc Grunt SW-5), following the ground
2026/09/23 18:24:16 Action failed
2026/09/23 18:24:17 Hunt: the chasers surround the bow fight on target 268450388, holding ground and shooting through the train
2026/09/23 18:24:17 Received packet id 0x85 with 13 bytes
2026/09/23 18:24:17 Action failed
2026/09/23 18:24:19 User info: temp23 level 7 hp 204/214 mp 81/82 speed 125 x 15408
2026/09/23 18:24:20 Received packet id 0x85 with 13 bytes
2026/09/23 18:24:20 Hunt: shot released on 268450388, hostile 268450388 holds 13 units, the retreat clicks at the windup end
2026/09/23 18:24:20 User info: temp24 level 7 hp 214/214 mp 82/82 speed 125 x 15366
2026/09/23 18:24:20 Player temp24 appeared at 36136 50728 -3547 speed 125
2026/09/23 18:24:20 Player temp24 appeared at 36136 50728 -3547 speed 125
2026/09/23 18:24:20 Player temp24 appeared at 36136 50728 -3547 speed 125
2026/09/23 18:24:21 Received packet id 0x85 with 13 bytes
2026/09/23 18:24:21 Action failed
2026/09/23 18:24:22 Action failed
2026/09/23 18:24:23 Received packet id 0x85 with 13 bytes
2026/09/23 18:24:23 NPC  spawned at 36283 51427 -3572 heading 64730
2026/09/23 18:24:23 NPC  spawned at 36283 51427 -3572 heading 64730
2026/09/23 18:24:23 NPC  spawned at 36283 51427 -3572 heading 64730
2026/09/23 18:24:24 User info: temp23 level 7 hp 190/214 mp 81/82 speed 125 x 15396
2026/09/23 18:24:24 NPC  spawned at 39450 50178 -3529 heading 13028
2026/09/23 18:24:24 Received packet id 0x0b with 29 bytes
2026/09/23 18:24:24 NPC  spawned at 39450 50178 -3529 heading 13028
2026/09/23 18:24:24 NPC  spawned at 39450 50178 -3529 heading 13028
2026/09/23 18:24:24 Hunt: target 268450388 died, looting
2026/09/23 18:24:24 Received packet id 0x85 with 13 bytes
2026/09/23 18:24:24 Action failed
2026/09/23 18:24:25 Hunt: shot released on 268450362, hostile 268450362 holds 395 units, the retreat clicks at the windup end
2026/09/23 18:24:25 Hunt: HP 92% recovered, standing up
2026/09/23 18:24:25 NPC  spawned at 36233 51196 -3562 heading 46999
2026/09/23 18:24:26 NPC  spawned at 36866 47459 -3587 heading 62901
2026/09/23 18:24:26 Hunt: the chasers surround the bow fight on target 268450362, holding ground and shooting through the train
2026/09/23 18:24:27 Hunt: dropping the target 268450362: the ground rotation owns the way
2026/09/23 18:24:27 Hunt: the fight crossed into Kaboo Orc Grunt SW-5 (was Kaboo Orc Grunt SW-6), following the ground
2026/09/23 18:24:27 Action failed
2026/09/23 18:24:27 Received packet id 0x85 with 13 bytes
2026/09/23 18:24:29 Hunt: hostile 268450362 closed to 12 units of the fight on 268450362, kiting clear (step 1 of 8)
2026/09/23 18:24:30 Hunt: hostile 268450362 holds 12 units at the walk end, the pursuit continues the retreat (step 2 of 8)
2026/09/23 18:24:30 Player temp23 appeared at 38904 50571 -3539 speed 125
2026/09/23 18:24:30 Player temp23 appeared at 38904 50571 -3539 speed 125
2026/09/23 18:24:30 Received packet id 0xe7 with 21 bytes
2026/09/23 18:24:30 Received packet id 0xe7 with 21 bytes
2026/09/23 18:24:30 Player temp23 appeared at 38904 50571 -3539 speed 125
2026/09/23 18:24:30 Received packet id 0xe7 with 21 bytes
2026/09/23 18:24:30 Player temp23 appeared at 38904 50571 -3539 speed 125
2026/09/23 18:24:30 Received packet id 0xe7 with 21 bytes
2026/09/23 18:24:30 Player temp20 appeared at 35806 47824 -3456 speed 125
2026/09/23 18:24:30 Received packet id 0xe7 with 21 bytes
2026/09/23 18:24:30 NPC  spawned at 35496 47127 -3699 heading 60021
2026/09/23 18:24:30 NPC  spawned at 35604 48177 -3639 heading 54695
2026/09/23 18:24:30 Player temp22 appeared at 35996 50343 -3552 speed 125
2026/09/23 18:24:30 Received packet id 0xe7 with 21 bytes
2026/09/23 18:24:30 NPC  spawned at 36006 50188 -3552 heading 17055
2026/09/23 18:24:30 NPC  spawned at 36166 50870 -3549 heading 46596
2026/09/23 18:24:30 Player temp24 appeared at 36120 50686 -3549 speed 125
2026/09/23 18:24:30 Received packet id 0xe7 with 21 bytes
2026/09/23 18:24:30 NPC  spawned at 35817 52189 -3523 heading 5636
2026/09/23 18:24:30 Player temp21 appeared at 36041 52295 -3523 speed 125
2026/09/23 18:24:30 Received packet id 0xe7 with 21 bytes
2026/09/23 18:24:30 NPC  spawned at 36370 52378 -3520 heading 47819
2026/09/23 18:24:30 NPC  spawned at 35085 52087 -3567 heading 41122
2026/09/23 18:24:30 NPC  spawned at 35905 52176 -3523 heading 9463
2026/09/23 18:24:30 NPC  spawned at 36595 53226 -3572 heading 64145
2026/09/23 18:24:30 NPC  spawned at 36074 52442 -3567 heading 58925
2026/09/23 18:24:31 Received packet id 0x85 with 13 bytes
2026/09/23 18:24:31 Hunt: shot released on 268450384, hostile 268450384 holds 408 units, the retreat clicks at the windup end
2026/09/23 18:24:32 NPC  spawned at 38313 50783 -3548 heading 36518
2026/09/23 18:24:32 NPC  spawned at 38313 50783 -3548 heading 36518
2026/09/23 18:24:32 NPC  spawned at 38313 50783 -3548 heading 36518
2026/09/23 18:24:32 NPC  spawned at 38313 50783 -3548 heading 36518
2026/09/23 18:24:32 NPC  spawned at 38313 50783 -3548 heading 36518
2026/09/23 18:24:32 Hunt: dropping the target 268450384: the ground rotation owns the way
2026/09/23 18:24:32 Hunt: the fight crossed into Green Dryad SW-6 (was Green Dryad SW-9), following the ground
2026/09/23 18:24:32 Action failed
2026/09/23 18:24:33 Hunt: no walkable retreat lane on target 268450362 (cornered), holding ground and shooting the bow - the pocket breakout: no gap geometry (the lone chaser owns the corner)
2026/09/23 18:24:33 Action failed
2026/09/23 18:24:34 NPC  spawned at 34435 51199 -3567 heading 59039
2026/09/23 18:24:34 Received packet id 0x85 with 13 bytes
2026/09/23 18:24:34 Received packet id 0x85 with 13 bytes
2026/09/23 18:24:34 Action failed
2026/09/23 18:24:34 Hunt: the fight crossed into Kaboo Orc Fighter SW-7 (was Kaboo Orc Fighter SW-6), following the ground
2026/09/23 18:24:35 NPC  spawned at 35496 47127 -3699 heading 60021
2026/09/23 18:24:35 NPC  spawned at 35496 47127 -3699 heading 60021
2026/09/23 18:24:35 NPC  spawned at 35496 47127 -3699 heading 60021
2026/09/23 18:24:35 NPC  spawned at 35496 47127 -3699 heading 60021
2026/09/23 18:24:36 NPC  spawned at 35892 50744 -3572 heading 0
2026/09/23 18:24:36 NPC  spawned at 35892 50744 -3572 heading 0
2026/09/23 18:24:36 NPC  spawned at 35892 50744 -3572 heading 0
2026/09/23 18:24:36 NPC  spawned at 35892 50744 -3572 heading 0
2026/09/23 18:24:36 NPC  spawned at 35892 50744 -3572 heading 0
2026/09/23 18:24:36 NPC  spawned at 35892 50744 -3572 heading 0
2026/09/23 18:24:36 NPC  spawned at 35892 50744 -3572 heading 0
2026/09/23 18:24:36 NPC  spawned at 35892 50744 -3572 heading 0
2026/09/23 18:24:36 NPC  spawned at 35892 50744 -3572 heading 0
2026/09/23 18:24:36 NPC  spawned at 35892 50744 -3572 heading 0
2026/09/23 18:24:36 NPC  spawned at 35892 50744 -3572 heading 0
2026/09/23 18:24:36 NPC  spawned at 35892 50744 -3572 heading 0
2026/09/23 18:24:36 NPC  spawned at 35892 50744 -3572 heading 0
2026/09/23 18:24:36 NPC  spawned at 35892 50744 -3572 heading 0
2026/09/23 18:24:36 NPC  spawned at 35892 50744 -3572 heading 0
2026/09/23 18:24:37 Hunt: fleeing for 20s without shaking the chase, resetting the aggro via logout
2026/09/23 18:24:37 Hunt: death at the cell Kaboo Orc Grunt SW-5 (heat 1.0)
2026/09/23 18:24:37 Hunt: regressing from Kaboo Orc Grunt SW-5 to Gray Wolf W-2 after the death
2026/09/23 18:24:37 Hunt: HP 57% under attack, emergency logout for 2s
2026/09/23 18:24:37 Received packet id 0x85 with 13 bytes
2026/09/23 18:24:37 Action failed
2026/09/23 18:24:37 Received packet id 0x85 with 13 bytes
2026/09/23 18:24:37 Action failed
2026/09/23 18:24:39 Received init packet with session id 79290244
2026/09/23 18:24:39 Sent auth login for account temp22
2026/09/23 18:24:39 Authenticated on login server
2026/09/23 18:24:39 Received server list with 1 servers
2026/09/23 18:24:39 Selected game server 2 at 127.0.0.1:7777
2026/09/23 18:24:39 Sent protocol version 419
2026/09/23 18:24:39 Game server 2 accepted the protocol
2026/09/23 18:24:39 Sent game auth login for account temp22
2026/09/23 18:24:39 Received character list with 1 characters
2026/09/23 18:24:39 Selected character temp22
2026/09/23 18:24:39 Sent enter world request
2026/09/23 18:24:39 User info: temp22 level 7 hp 125/214 mp 82/82 speed 125 x 15327
2026/09/23 18:24:39 Inventory listed with 13 items
2026/09/23 18:24:39 Received packet id 0x57 with 5 bytes
2026/09/23 18:24:39 Quest journal with 0 quests, 0 quest items
2026/09/23 18:24:39 Player temp22 appeared at 36092 49968 -3552 speed 125
2026/09/23 18:24:39 Player temp22 appeared at 36092 49968 -3552 speed 125
2026/09/23 18:24:39 Player temp22 appeared at 36092 49968 -3552 speed 125
2026/09/23 18:24:39 Player temp22 appeared at 36092 49968 -3552 speed 125
2026/09/23 18:24:39 Received packet id 0xe7 with 21 bytes
2026/09/23 18:24:39 Received packet id 0xe7 with 21 bytes
2026/09/23 18:24:39 NPC  spawned at 36001 50215 -3552 heading 1480
2026/09/23 18:24:39 NPC  spawned at 35777 50811 -3549 heading 28650
2026/09/23 18:24:39 Player temp24 appeared at 35765 50816 -3549 speed 125
2026/09/23 18:24:39 Received packet id 0xe7 with 21 bytes
2026/09/23 18:24:39 NPC  spawned at 35892 50744 -3572 heading 0
2026/09/23 18:24:39 NPC  spawned at 34502 51152 -3567 heading 59039
2026/09/23 18:24:39 NPC  spawned at 34083 51945 -3572 heading 0
2026/09/23 18:24:39 NPC  spawned at 34500 51976 -3567 heading 59556
2026/09/23 18:24:39 NPC  spawned at 34122 51717 -3567 heading 9161
2026/09/23 18:24:39 Player temp20 appeared at 35758 47158 -3456 speed 125
2026/09/23 18:24:39 Received packet id 0xe7 with 21 bytes
2026/09/23 18:24:39 NPC  spawned at 35623 47178 -3456 heading 63286
2026/09/23 18:24:39 NPC  spawned at 35604 48177 -3639 heading 54695
2026/09/23 18:24:39 NPC  spawned at 35817 52189 -3523 heading 5636
2026/09/23 18:24:39 Player temp21 appeared at 36041 52295 -3523 speed 125
2026/09/23 18:24:39 Received packet id 0xe7 with 21 bytes
2026/09/23 18:24:39 NPC  spawned at 36370 52378 -3520 heading 47819
2026/09/23 18:24:39 NPC  spawned at 35085 52087 -3567 heading 41122
2026/09/23 18:24:39 NPC  spawned at 35905 52176 -3523 heading 9463
2026/09/23 18:24:39 NPC  spawned at 36595 53226 -3572 heading 64145
2026/09/23 18:24:39 NPC  spawned at 36074 52442 -3567 heading 58925
2026/09/23 18:24:39 NPC  spawned at 38080 47356 -3587 heading 58182
2026/09/23 18:24:39 NPC  spawned at 37051 47412 -3587 heading 62901
2026/09/23 18:24:39 NPC  spawned at 37081 47376 -3587 heading 27058
2026/09/23 18:24:39 NPC  spawned at 37454 48372 -3592 heading 0
2026/09/23 18:24:39 NPC  spawned at 38313 50783 -3548 heading 62106
2026/09/23 18:24:39 Player temp23 appeared at 38782 50623 -3548 speed 125
2026/09/23 18:24:39 Received packet id 0xe7 with 21 bytes
2026/09/23 18:24:39 NPC  spawned at 37855 52996 -3548 heading 0
2026/09/23 18:24:39 NPC  spawned at 37875 51665 -3548 heading 48265
2026/09/23 18:24:39 NPC  spawned at 37821 52573 -3548 heading 50537
2026/09/23 18:24:39 NPC  spawned at 37372 52799 -3543 heading 13922
2026/09/23 18:24:39 NPC  spawned at 37684 52549 -3548 heading 51259
2026/09/23 18:24:39 NPC  spawned at 37678 52771 -3548 heading 59173
2026/09/23 18:24:39 NPC  spawned at 38076 51790 -3548 heading 29358
2026/09/23 18:24:39 NPC  spawned at 37639 51974 -3543 heading 53504
2026/09/23 18:24:39 Received packet id 0xe7 with 21 bytes
2026/09/23 18:24:39 Received packet id 0xe7 with 21 bytes
2026/09/23 18:24:39 Received packet id 0x65 with 1 bytes
2026/09/23 18:24:39 Received packet id 0xda with 5 bytes
2026/09/23 18:24:39 User info: temp22 level 7 hp 125/214 mp 82/82 speed 125 x 15327
2026/09/23 18:24:39 Action failed
2026/09/23 18:24:39 Player temp22 appeared at 36092 49968 -3552 speed 125
2026/09/23 18:24:39 Player temp22 appeared at 36092 49968 -3552 speed 125
2026/09/23 18:24:39 Player temp22 appeared at 36092 49968 -3552 speed 125
2026/09/23 18:24:39 Player temp22 appeared at 36092 49968 -3552 speed 125
2026/09/23 18:24:39 Hunt: level 7: resuming the cell Kaboo Orc Grunt SW-5 - the login landed on its ground
2026/09/23 18:24:39 Hunt: HP 58% below 60%, sitting down to regenerate
2026/09/23 18:24:39 Skill list with 1 skills
2026/09/23 18:24:40 Received packet id 0x85 with 13 bytes
2026/09/23 18:24:40 Action failed
2026/09/23 18:24:40 Received packet id 0x85 with 13 bytes
2026/09/23 18:24:40 Action failed
2026/09/23 18:24:41 NPC  spawned at 34213 45042 -3644 heading 9960
2026/09/23 18:24:41 NPC  spawned at 36757 44842 -3644 heading 0
2026/09/23 18:24:41 NPC  spawned at 36475 44992 -3639 heading 63477
2026/09/23 18:24:41 NPC  spawned at 35098 44685 -3639 heading 41135
2026/09/23 18:24:41 NPC  spawned at 36200 44538 -3644 heading 57265
2026/09/23 18:24:41 NPC  spawned at 36392 44953 -3644 heading 4354
2026/09/23 18:24:41 NPC  spawned at 38884 44806 -3592 heading 24061
2026/09/23 18:24:41 NPC  spawned at 38069 44430 -3587 heading 30637
2026/09/23 18:24:41 NPC  spawned at 37073 44674 -3639 heading 13938
2026/09/23 18:24:41 NPC  spawned at 38450 44554 -3592 heading 27000
2026/09/23 18:24:41 NPC  spawned at 38371 44605 -3592 heading 24132
2026/09/23 18:24:41 NPC  spawned at 38406 44947 -3587 heading 57036
2026/09/23 18:24:43 Received packet id 0x85 with 13 bytes
2026/09/23 18:24:43 Hunt: HP 48%, fleeing the fight with 268450384
2026/09/23 18:24:44 Hunt: dropping the target 0: the ground rotation owns the way
2026/09/23 18:24:44 Hunt: the fight crossed into Green Dryad SW-9 (was Green Dryad SW-6), following the ground
2026/09/23 18:24:44 Hunt: HP 48% below 60%, sitting down to regenerate
2026/09/23 18:24:44 Action failed
2026/09/23 18:24:44 Action failed
2026/09/23 18:24:44 Action failed
2026/09/23 18:24:45 NPC  spawned at 36024 46349 -3699 heading 64898
2026/09/23 18:24:46 Received packet id 0x85 with 13 bytes
2026/09/23 18:24:46 Hunt: 2 mobs piled on us, running 600 units from the aggro point before the logout
2026/09/23 18:24:47 NPC  spawned at 38144 51247 -3548 heading 0
2026/09/23 18:24:47 NPC  spawned at 38144 51247 -3548 heading 0
2026/09/23 18:24:47 NPC  spawned at 38144 51247 -3548 heading 0
2026/09/23 18:24:47 NPC  spawned at 38144 51247 -3548 heading 0
2026/09/23 18:24:47 NPC  spawned at 38144 51247 -3548 heading 0
2026/09/23 18:24:47 NPC  spawned at 38144 51247 -3548 heading 0
2026/09/23 18:24:47 NPC  spawned at 38144 51247 -3548 heading 0
2026/09/23 18:24:47 NPC  spawned at 38144 51247 -3548 heading 0
2026/09/23 18:24:47 NPC  spawned at 38144 51247 -3548 heading 0
2026/09/23 18:24:47 NPC  spawned at 38144 51247 -3548 heading 0
2026/09/23 18:24:47 NPC  spawned at 38144 51247 -3548 heading 0
2026/09/23 18:24:47 NPC  spawned at 38144 51247 -3548 heading 0
2026/09/23 18:24:47 Hunt: HP 37% below 60%, sitting down to regenerate
2026/09/23 18:24:47 NPC  spawned at 42978 49115 -2992 heading 0
2026/09/23 18:24:47 NPC  spawned at 42812 51138 -2992 heading 16384
2026/09/23 18:24:47 NPC  spawned at 42700 50057 -2984 heading 14500
2026/09/23 18:24:47 NPC  spawned at 42766 50037 -2984 heading 11500
2026/09/23 18:24:47 NPC  spawned at 42971 51372 -2992 heading 32768
2026/09/23 18:24:48 Hunt: HP 70% in the fight, drinking a healing potion
2026/09/23 18:24:48 Received packet id 0x8e with 21 bytes
2026/09/23 18:24:48 Received packet id 0x8e with 21 bytes
2026/09/23 18:24:48 Received packet id 0x8e with 21 bytes
2026/09/23 18:24:48 User info: temp24 level 7 hp 150/214 mp 81/82 speed 125 x 15313
2026/09/23 18:24:48 Player temp24 appeared at 35765 50816 -3549 speed 125
2026/09/23 18:24:48 Player temp24 appeared at 35765 50816 -3549 speed 125
2026/09/23 18:24:49 Received packet id 0x85 with 13 bytes
2026/09/23 18:24:49 Action failed
2026/09/23 18:24:50 User info: temp23 level 7 hp 52/214 mp 82/82 speed 125 x 15372
2026/09/23 18:24:50 Received packet id 0xb1 with 79 bytes
2026/09/23 18:24:50 Received packet id 0xba with 5 bytes
2026/09/23 18:24:50 Received packet id 0xbb with 5 bytes
2026/09/23 18:24:52 Received packet id 0x85 with 13 bytes
2026/09/23 18:24:55 Received packet id 0x85 with 13 bytes
2026/09/23 18:24:55 Hunt: shot released on 268450362, hostile 268450362 holds 13 units, the retreat clicks at the windup end
2026/09/23 18:24:55 Hunt: HP 12% below 60%, sitting down to regenerate
2026/09/23 18:24:56 Action failed
2026/09/23 18:24:58 Received packet id 0x85 with 13 bytes
2026/09/23 18:24:58 Hunt: death at the cell Green Dryad SW-9 (heat 1.0)
2026/09/23 18:24:58 Hunt: dropping the target 0: the ground rotation owns the way
2026/09/23 18:24:58 Hunt: regressing from Green Dryad SW-9 to Gray Wolf SW-3 after the death
2026/09/23 18:24:58 Hunt: HP 1% under attack, emergency logout for 2s
2026/09/23 18:25:00 Received init packet with session id ad2f93ad
2026/09/23 18:25:00 Sent auth login for account temp23
2026/09/23 18:25:00 Authenticated on login server
2026/09/23 18:25:00 Received server list with 1 servers
2026/09/23 18:25:00 Selected game server 2 at 127.0.0.1:7777
2026/09/23 18:25:00 Sent protocol version 419
2026/09/23 18:25:00 Game server 2 accepted the protocol
2026/09/23 18:25:00 Sent game auth login for account temp23
2026/09/23 18:25:00 Received character list with 1 characters
2026/09/23 18:25:00 Selected character temp23
2026/09/23 18:25:00 Sent enter world request
2026/09/23 18:25:00 User info: temp23 level 7 hp 4/214 mp 82/82 speed 125 x 15372
2026/09/23 18:25:00 Inventory listed with 12 items
2026/09/23 18:25:00 Received packet id 0x57 with 5 bytes
2026/09/23 18:25:00 Quest journal with 0 quests, 0 quest items
2026/09/23 18:25:00 NPC  spawned at 39743 50691 -3543 heading 37299
2026/09/23 18:25:00 NPC  spawned at 39644 50667 -3543 heading 39116
2026/09/23 18:25:00 NPC  spawned at 39871 50857 -3543 heading 22690
2026/09/23 18:25:00 NPC  spawned at 38179 47249 -3587 heading 28544
2026/09/23 18:25:00 NPC  spawned at 37051 47412 -3587 heading 62901
2026/09/23 18:25:00 NPC  spawned at 36891 47367 -3587 heading 33261
2026/09/23 18:25:00 NPC  spawned at 37454 48372 -3592 heading 0
2026/09/23 18:25:00 NPC  spawned at 38575 50570 -3548 heading 58460
2026/09/23 18:25:00 NPC  spawned at 37855 52996 -3548 heading 0
2026/09/23 18:25:00 NPC  spawned at 37875 51665 -3548 heading 48265
2026/09/23 18:25:00 NPC  spawned at 37821 52573 -3548 heading 50537
2026/09/23 18:25:00 NPC  spawned at 37389 52934 -3543 heading 15013
2026/09/23 18:25:00 NPC  spawned at 37684 52549 -3548 heading 51259
2026/09/23 18:25:00 NPC  spawned at 37402 52835 -3548 heading 30391
2026/09/23 18:25:00 NPC  spawned at 37875 51950 -3548 heading 25755
2026/09/23 18:25:00 NPC  spawned at 38144 51247 -3548 heading 0
2026/09/23 18:25:00 NPC  spawned at 37639 51974 -3543 heading 53504
2026/09/23 18:25:00 NPC  spawned at 39872 52278 -3409 heading 62531
2026/09/23 18:25:00 NPC  spawned at 39992 51202 -3548 heading 0
2026/09/23 18:25:00 NPC  spawned at 39925 52191 -3414 heading 9261
2026/09/23 18:25:00 NPC  spawned at 39647 52882 -3414 heading 0
2026/09/23 18:25:00 NPC  spawned at 40346 51728 -3414 heading 59105
2026/09/23 18:25:00 NPC  spawned at 39544 52410 -3409 heading 28962
2026/09/23 18:25:00 NPC  spawned at 40055 52165 -3414 heading 60409
2026/09/23 18:25:00 NPC  spawned at 42978 49115 -2992 heading 0
2026/09/23 18:25:00 NPC  spawned at 42812 51138 -2992 heading 16384
2026/09/23 18:25:00 NPC  spawned at 42700 50057 -2984 heading 14500
2026/09/23 18:25:00 NPC  spawned at 42766 50037 -2984 heading 11500
2026/09/23 18:25:00 NPC  spawned at 42971 51372 -2992 heading 32768
2026/09/23 18:25:00 Received packet id 0x65 with 1 bytes
2026/09/23 18:25:00 Received packet id 0xda with 5 bytes
2026/09/23 18:25:00 User info: temp23 level 7 hp 4/214 mp 82/82 speed 125 x 15372
2026/09/23 18:25:00 Action failed
2026/09/23 18:25:01 Hunt: level 7: resuming the cell Green Dryad SW-9 - the login landed on its ground
2026/09/23 18:25:01 Hunt: HP 2% below 60%, sitting down to regenerate
2026/09/23 18:25:01 Skill list with 1 skills
2026/09/23 18:25:01 Received packet id 0x85 with 13 bytes
2026/09/23 18:25:03 User info: temp24 level 7 hp 196/214 mp 81/82 speed 125 x 15283
2026/09/23 18:25:03 Player temp24 appeared at 35765 50816 -3549 speed 125
2026/09/23 18:25:03 Player temp24 appeared at 35765 50816 -3549 speed 125
2026/09/23 18:25:04 Received packet id 0x85 with 13 bytes
2026/09/23 18:25:06 User info: temp24 level 7 hp 189/214 mp 81/82 speed 125 x 15277
2026/09/23 18:25:06 NPC  spawned at 35777 50811 -3549 heading 28650
2026/09/23 18:25:06 Received packet id 0x0b with 29 bytes
2026/09/23 18:25:06 NPC  spawned at 35777 50811 -3549 heading 28650
2026/09/23 18:25:06 NPC  spawned at 35777 50811 -3549 heading 28650
2026/09/23 18:25:06 NPC  spawned at 35777 50811 -3549 heading 28650
2026/09/23 18:25:06 Received packet id 0x0b with 29 bytes
2026/09/23 18:25:06 NPC  spawned at 35777 50811 -3549 heading 28650
2026/09/23 18:25:06 NPC  spawned at 35777 50811 -3549 heading 28650
2026/09/23 18:25:06 NPC  spawned at 35777 50811 -3549 heading 28650
2026/09/23 18:25:06 Received packet id 0x0b with 29 bytes
2026/09/23 18:25:06 NPC  spawned at 35777 50811 -3549 heading 28650
2026/09/23 18:25:06 NPC  spawned at 35777 50811 -3549 heading 28650
2026/09/23 18:25:06 Hunt: target 268450362 died, looting
2026/09/23 18:25:06 Hunt: the pile up run could not open 600 units within 20s, logging out anyway
2026/09/23 18:25:06 Hunt: death at the cell Kaboo Orc Fighter SW-7 (heat 1.0)
2026/09/23 18:25:06 Hunt: regressing from Kaboo Orc Fighter SW-7 to Gray Wolf W-3 after the death
2026/09/23 18:25:06 Hunt: 2 mobs piled on us, emergency logout for 2s
2026/09/23 18:25:07 Action failed
2026/09/23 18:25:07 Action failed
2026/09/23 18:25:07 Action failed
2026/09/23 18:25:08 Received init packet with session id f08edcb1
2026/09/23 18:25:08 Sent auth login for account temp20
2026/09/23 18:25:08 Authenticated on login server
2026/09/23 18:25:08 Received server list with 1 servers
2026/09/23 18:25:08 Selected game server 2 at 127.0.0.1:7777
2026/09/23 18:25:08 Sent protocol version 419
2026/09/23 18:25:08 Game server 2 accepted the protocol
2026/09/23 18:25:08 Sent game auth login for account temp20
2026/09/23 18:25:08 Received character list with 1 characters
2026/09/23 18:25:08 Selected character temp20
2026/09/23 18:25:08 Sent enter world request
2026/09/23 18:25:08 User info: temp20 level 7 hp 141/214 mp 82/82 speed 125 x 15423
2026/09/23 18:25:08 Inventory listed with 12 items
2026/09/23 18:25:08 Received packet id 0x57 with 5 bytes
2026/09/23 18:25:08 Quest journal with 0 quests, 0 quest items
2026/09/23 18:25:08 NPC  spawned at 34837 46369 -3639 heading 65436
2026/09/23 18:25:08 NPC  spawned at 36131 46839 -3456 heading 52222
2026/09/23 18:25:08 NPC  spawned at 34895 46258 -3639 heading 18223
2026/09/23 18:25:08 NPC  spawned at 36170 46736 -3456 heading 51328
2026/09/23 18:25:08 NPC  spawned at 33232 46326 -3639 heading 60465
2026/09/23 18:25:08 NPC  spawned at 34806 46649 -3639 heading 12306
2026/09/23 18:25:08 NPC  spawned at 34702 45120 -3644 heading 53503
2026/09/23 18:25:08 NPC  spawned at 33920 46311 -3639 heading 4510
2026/09/23 18:25:08 NPC  spawned at 36757 44842 -3644 heading 0
2026/09/23 18:25:08 NPC  spawned at 36475 44992 -3639 heading 63477
2026/09/23 18:25:08 NPC  spawned at 34983 45030 -3639 heading 21741
2026/09/23 18:25:08 NPC  spawned at 36149 44292 -3644 heading 61394
2026/09/23 18:25:08 NPC  spawned at 36392 44953 -3644 heading 4354
2026/09/23 18:25:08 NPC  spawned at 36183 44919 -3639 heading 60900
2026/09/23 18:25:08 NPC  spawned at 35604 48177 -3639 heading 54695
2026/09/23 18:25:08 NPC  spawned at 38774 44821 -3592 heading 62903
2026/09/23 18:25:08 NPC  spawned at 38069 44430 -3587 heading 30637
2026/09/23 18:25:08 NPC  spawned at 37073 44674 -3639 heading 13938
2026/09/23 18:25:08 NPC  spawned at 38397 44877 -3592 heading 10234
2026/09/23 18:25:08 NPC  spawned at 38565 44401 -3592 heading 61092
2026/09/23 18:25:08 NPC  spawned at 38406 44947 -3587 heading 57036
2026/09/23 18:25:08 NPC  spawned at 37876 46340 -3587 heading 18243
2026/09/23 18:25:08 NPC  spawned at 37483 46315 -3592 heading 41141
2026/09/23 18:25:08 NPC  spawned at 38179 47249 -3587 heading 28544
2026/09/23 18:25:08 NPC  spawned at 37051 47412 -3587 heading 62901
2026/09/23 18:25:08 NPC  spawned at 36891 47367 -3587 heading 33261
2026/09/23 18:25:08 NPC  spawned at 37454 48372 -3592 heading 0
2026/09/23 18:25:08 Received packet id 0x65 with 1 bytes
2026/09/23 18:25:08 Received packet id 0xda with 5 bytes
2026/09/23 18:25:08 User info: temp20 level 7 hp 141/214 mp 82/82 speed 125 x 15423
2026/09/23 18:25:08 Action failed
2026/09/23 18:25:09 Received packet id 0x85 with 13 bytes
2026/09/23 18:25:09 Hunt: level 7: resuming the cell Kaboo Orc Fighter SW-7 - the login landed on its ground
2026/09/23 18:25:09 Action failed
2026/09/23 18:25:09 Skill list with 1 skills
2026/09/23 18:25:09 Hunt: shot released on 268450368, hostile 268450368 holds 138 units, the retreat clicks at the windup end
2026/09/23 18:25:09 Hunt: dropping the target 268450407: the ground rotation owns the way
2026/09/23 18:25:09 Hunt: the fight crossed into Kaboo Orc Archer W-1 (was Kaboo Orc Fighter SW-7), following the ground
2026/09/23 18:25:09 Action failed
2026/09/23 18:25:10 Action failed
2026/09/23 18:25:10 NPC  spawned at 35892 50744 -3572 heading 0
2026/09/23 18:25:10 NPC  spawned at 35892 50744 -3572 heading 0
2026/09/23 18:25:10 NPC  spawned at 35892 50744 -3572 heading 0
2026/09/23 18:25:10 Hunt: the chasers surround the bow fight on target 268450368, holding ground and shooting through the train
2026/09/23 18:25:10 Hunt: 2 mobs piled on us, running 600 units from the aggro point before the logout
2026/09/23 18:25:12 Received packet id 0x85 with 13 bytes
2026/09/23 18:25:15 Received packet id 0x85 with 13 bytes
2026/09/23 18:25:15 Hunt: 627 units from the aggro point, logging out
2026/09/23 18:25:15 Hunt: death at the cell Kaboo Orc Archer W-1 (heat 1.0)
2026/09/23 18:25:15 Hunt: dropping the target 0: the ground rotation owns the way
2026/09/23 18:25:15 Hunt: regressing from Kaboo Orc Archer W-1 to Elder Red Keltir W-2 after the death
2026/09/23 18:25:15 Hunt: 2 mobs piled on us, emergency logout for 2s
2026/09/23 18:25:17 Hunt: hostile 268450368 closed to 51 units of the fight on 268450368, kiting clear (step 1 of 8)
2026/09/23 18:25:18 Hunt: hostile 268450368 holds 51 units at the walk end, the pursuit continues the retreat (step 2 of 8)
2026/09/23 18:25:19 Received init packet with session id 758f1e82
2026/09/23 18:25:19 Sent auth login for account temp20
2026/09/23 18:25:19 Authenticated on login server
2026/09/23 18:25:19 Received server list with 1 servers
2026/09/23 18:25:19 Selected game server 2 at 127.0.0.1:7777
2026/09/23 18:25:19 Sent protocol version 419
2026/09/23 18:25:19 Game server 2 accepted the protocol
2026/09/23 18:25:19 Sent game auth login for account temp20
2026/09/23 18:25:19 Received character list with 1 characters
2026/09/23 18:25:19 Selected character temp20
2026/09/23 18:25:19 Sent enter world request
2026/09/23 18:25:19 User info: temp20 level 7 hp 131/214 mp 82/82 speed 125 x 15423
2026/09/23 18:25:19 Inventory listed with 12 items
2026/09/23 18:25:19 Received packet id 0x57 with 5 bytes
2026/09/23 18:25:19 Quest journal with 0 quests, 0 quest items
2026/09/23 18:25:19 NPC  spawned at 34837 46369 -3639 heading 65436
2026/09/23 18:25:19 NPC  spawned at 35781 45860 -3456 heading 22995
2026/09/23 18:25:19 NPC  spawned at 35722 46033 -3456 heading 52382
2026/09/23 18:25:19 NPC  spawned at 33232 46326 -3639 heading 60465
2026/09/23 18:25:19 NPC  spawned at 34806 46649 -3639 heading 12306
2026/09/23 18:25:19 NPC  spawned at 34811 46472 -3639 heading 20285
2026/09/23 18:25:19 NPC  spawned at 34811 45169 -3644 heading 9489
2026/09/23 18:25:19 NPC  spawned at 33920 46311 -3639 heading 4510
2026/09/23 18:25:19 NPC  spawned at 36757 44842 -3644 heading 0
2026/09/23 18:25:19 NPC  spawned at 36475 44992 -3639 heading 63477
2026/09/23 18:25:19 NPC  spawned at 34858 44873 -3639 heading 42138
2026/09/23 18:25:19 NPC  spawned at 36397 44188 -3644 heading 61394
2026/09/23 18:25:19 NPC  spawned at 36392 44953 -3644 heading 4354
2026/09/23 18:25:19 NPC  spawned at 36183 44919 -3639 heading 60900
2026/09/23 18:25:19 NPC  spawned at 35604 48177 -3639 heading 54695
2026/09/23 18:25:19 NPC  spawned at 38875 44796 -3592 heading 62903
2026/09/23 18:25:19 NPC  spawned at 38069 44430 -3587 heading 30637
2026/09/23 18:25:19 NPC  spawned at 37073 44674 -3639 heading 13938
2026/09/23 18:25:19 NPC  spawned at 38045 44858 -3592 heading 39764
2026/09/23 18:25:19 NPC  spawned at 38641 44332 -3592 heading 53706
2026/09/23 18:25:19 NPC  spawned at 37845 46512 -3587 heading 18243
2026/09/23 18:25:19 NPC  spawned at 37283 46142 -3592 heading 35572
2026/09/23 18:25:19 NPC  spawned at 38166 45218 -3587 heading 23944
2026/09/23 18:25:19 NPC  spawned at 38179 47249 -3587 heading 28544
2026/09/23 18:25:19 NPC  spawned at 37051 47412 -3587 heading 62901
2026/09/23 18:25:19 NPC  spawned at 36891 47367 -3587 heading 33261
2026/09/23 18:25:19 NPC  spawned at 37454 48372 -3592 heading 0
2026/09/23 18:25:19 Received packet id 0x65 with 1 bytes
2026/09/23 18:25:19 Received packet id 0xda with 5 bytes
2026/09/23 18:25:19 User info: temp20 level 7 hp 131/214 mp 82/82 speed 125 x 15423
2026/09/23 18:25:19 Action failed
2026/09/23 18:25:19 Hunt: level 7: resuming the cell Kaboo Orc Fighter W-1 - the login landed on its ground
2026/09/23 18:25:19 Action failed
2026/09/23 18:25:19 Skill list with 1 skills
2026/09/23 18:25:20 Hunt: dropping the target 268450407: the ground rotation owns the way
2026/09/23 18:25:20 Hunt: the fight crossed into Kaboo Orc Archer W-1 (was Kaboo Orc Fighter W-1), following the ground
2026/09/23 18:25:20 Action failed
2026/09/23 18:25:21 Hunt: hostile 268450368 holds 58 units at the walk end, the pursuit continues the retreat (step 3 of 8)
2026/09/23 18:25:21 Action failed
2026/09/23 18:25:23 Hunt: HP 90% recovered, standing up
2026/09/23 18:25:24 Hunt: hostile 268450368 holds 227 units at the walk end, the pursuit continues the retreat (step 4 of 8)
2026/09/23 18:25:24 Action failed
2026/09/23 18:25:25 Hunt: 2 mobs piled on us, running 600 units from the aggro point before the logout
2026/09/23 18:25:27 Hunt: hostile 268450368 holds 236 units at the walk end, the pursuit continues the retreat (step 5 of 8)
2026/09/23 18:25:28 NPC  spawned at 34296 49964 -3572 heading 0
2026/09/23 18:25:28 NPC  spawned at 34296 49964 -3572 heading 0
2026/09/23 18:25:28 NPC  spawned at 34296 49964 -3572 heading 0
2026/09/23 18:25:28 NPC  spawned at 34296 49964 -3572 heading 0
2026/09/23 18:25:28 NPC  spawned at 34296 49964 -3572 heading 0
2026/09/23 18:25:28 NPC  spawned at 34296 49964 -3572 heading 0
2026/09/23 18:25:28 NPC  spawned at 34296 49964 -3572 heading 0
2026/09/23 18:25:28 NPC  spawned at 34296 49964 -3572 heading 0
2026/09/23 18:25:28 NPC  spawned at 34296 49964 -3572 heading 0
2026/09/23 18:25:29 NPC  spawned at 30802 46472 -3670 heading 0
2026/09/23 18:25:29 NPC  spawned at 32270 47730 -3665 heading 86
2026/09/23 18:25:29 NPC  spawned at 30997 47256 -3670 heading 17753
2026/09/23 18:25:29 Hunt: target 268450368 does not engage, switching to another
2026/09/23 18:25:30 Hunt: Spore Fungus is on us, fighting it instead of picking a new target
2026/09/23 18:25:30 Hunt: no walkable retreat lane on target 268450368 (cornered), holding ground and shooting the bow - the pocket breakout: no gap geometry (the lone chaser owns the corner)
2026/09/23 18:25:30 Received packet id 0x85 with 13 bytes
2026/09/23 18:25:30 Action failed
2026/09/23 18:25:30 Hunt: HP 64% in the fight, drinking a healing potion
2026/09/23 18:25:30 Received packet id 0x8e with 21 bytes
2026/09/23 18:25:30 Received packet id 0x8e with 21 bytes
2026/09/23 18:25:30 Received packet id 0x8e with 21 bytes
2026/09/23 18:25:30 User info: temp24 level 7 hp 136/214 mp 81/82 speed 125 x 15253
2026/09/23 18:25:30 Player temp24 appeared at 36236 50735 -3529 speed 125
2026/09/23 18:25:30 Player temp24 appeared at 36236 50735 -3529 speed 125
2026/09/23 18:25:30 Skill list with 1 skills
2026/09/23 18:25:30 Hunt: HP 92% recovered, standing up
2026/09/23 18:25:30 Hunt: HP 56%, fleeing the fight with 268450407
2026/09/23 18:25:32 Action failed
2026/09/23 18:25:33 Received packet id 0x85 with 13 bytes
2026/09/23 18:25:33 Action failed
2026/09/23 18:25:33 Action failed
2026/09/23 18:25:33 Hunt: shot released on 268450368, hostile 268450368 holds 57 units, the retreat clicks at the windup end
2026/09/23 18:25:36 Received packet id 0x85 with 13 bytes
2026/09/23 18:25:39 Received packet id 0x85 with 13 bytes
2026/09/23 18:25:39 Action failed
2026/09/23 18:25:41 Received packet id 0x85 with 13 bytes
2026/09/23 18:25:42 Hunt: fleeing for 20s without shaking the chase, resetting the aggro via logout
2026/09/23 18:25:42 Hunt: death at the cell Kaboo Orc Archer W-1 (heat 1.0)
2026/09/23 18:25:42 Hunt: dropping the target 0: the ground rotation owns the way
2026/09/23 18:25:42 Hunt: regressing from Kaboo Orc Archer W-1 to Gray Wolf NW-6 after the death
2026/09/23 18:25:42 Hunt: HP 47% under attack, emergency logout for 2s
2026/09/23 18:25:44 Received packet id 0x85 with 13 bytes
2026/09/23 18:25:45 User info: temp24 level 7 hp 185/214 mp 81/82 speed 125 x 15218
2026/09/23 18:25:45 Player temp24 appeared at 36236 50735 -3529 speed 125
2026/09/23 18:25:45 Player temp24 appeared at 36236 50735 -3529 speed 125
2026/09/23 18:25:45 User info: temp21 level 7 hp 62/214 mp 82/82 speed 125 x 15358
2026/09/23 18:25:45 User info: temp23 level 7 hp 68/214 mp 82/82 speed 125 x 15372
2026/09/23 18:25:46 Hunt: the pile up run could not open 600 units within 20s, logging out anyway
2026/09/23 18:25:46 Hunt: death at the cell Kaboo Orc Grunt SW-6 (heat 1.0)
2026/09/23 18:25:46 Hunt: dropping the target 0: the ground rotation owns the way
2026/09/23 18:25:46 Hunt: regressing from Kaboo Orc Grunt SW-6 to Goblin Raider SW-1 after the death
2026/09/23 18:25:46 Hunt: 2 mobs piled on us, emergency logout for 2s
2026/09/23 18:25:46 Action failed
2026/09/23 18:25:46 Action failed
2026/09/23 18:25:46 Leaving the game world with temp22
2026/09/23 18:25:46 Leaving the game world with temp23
2026/09/23 18:25:46 Leaving the game world with temp24
2026/09/23 18:25:47 Acceptance: FAIL test "archer-fleet" failed: the fleet kite audit found unimplemented behaviors: max-range (2 of 5 bots (not passing: temp20, temp21, temp24)); shoots (4 of 5 bots (no evidence: temp20)); early-retreat (1 of 5 bots (not passing: temp21, temp23, temp24) (no evidence: temp20)); quick-reshot (1 of 5 bots (not passing: temp22) (no evidence: temp20, temp21, temp23)); curved-retreat (2 of 5 bots (no evidence: temp20, temp21, temp23))
exit status 1
