2026/09/23 17:18:23 Starting swarm acceptance CLI
2026/09/23 17:18:23 Build: branch feature/improved-kite, commit d46eccdb08a93148b53d4b608c427651d918d514 (clean), built 2026-09-23T17:18:14Z
2026/09/23 17:18:23 Icon pack ready: data/icons
2026/09/23 17:18:23 Web interface listening on http://127.0.0.1:8080
2026/09/23 17:18:23 Acceptance: running scenario archer-fleet
2026/09/23 17:18:23 Acceptance: the run log of archer-fleet writes logs/acceptance/archer-fleet-20260923-171823-16602-1.log
2026/09/23 17:18:23 Received init packet with session id ccac3c33
2026/09/23 17:18:23 Sent auth login for account temp20
2026/09/23 17:18:23 Authenticated on login server
2026/09/23 17:18:23 Received server list with 1 servers
2026/09/23 17:18:23 Selected game server 2 at 127.0.0.1:7777
2026/09/23 17:18:23 Sent protocol version 419
2026/09/23 17:18:23 Game server 2 accepted the protocol
2026/09/23 17:18:23 Sent game auth login for account temp20
2026/09/23 17:18:23 Received character list with 1 characters
2026/09/23 17:18:25 Received init packet with session id 2b9d725a
2026/09/23 17:18:25 Sent auth login for account temp21
2026/09/23 17:18:25 Authenticated on login server
2026/09/23 17:18:25 Received server list with 1 servers
2026/09/23 17:18:25 Selected game server 2 at 127.0.0.1:7777
2026/09/23 17:18:25 Sent protocol version 419
2026/09/23 17:18:25 Game server 2 accepted the protocol
2026/09/23 17:18:25 Sent game auth login for account temp21
2026/09/23 17:18:25 Received character list with 1 characters
2026/09/23 17:18:27 Received init packet with session id 4d7e3d06
2026/09/23 17:18:27 Sent auth login for account temp22
2026/09/23 17:18:27 Authenticated on login server
2026/09/23 17:18:27 Received server list with 1 servers
2026/09/23 17:18:27 Selected game server 2 at 127.0.0.1:7777
2026/09/23 17:18:27 Sent protocol version 419
2026/09/23 17:18:27 Game server 2 accepted the protocol
2026/09/23 17:18:27 Sent game auth login for account temp22
2026/09/23 17:18:27 Received character list with 1 characters
2026/09/23 17:18:29 Received init packet with session id 5a9f5fd9
2026/09/23 17:18:29 Sent auth login for account temp23
2026/09/23 17:18:29 Authenticated on login server
2026/09/23 17:18:29 Received server list with 1 servers
2026/09/23 17:18:29 Selected game server 2 at 127.0.0.1:7777
2026/09/23 17:18:29 Sent protocol version 419
2026/09/23 17:18:29 Game server 2 accepted the protocol
2026/09/23 17:18:29 Sent game auth login for account temp23
2026/09/23 17:18:29 Received character list with 1 characters
2026/09/23 17:18:31 Received init packet with session id 0ef9ad68
2026/09/23 17:18:31 Sent auth login for account temp24
2026/09/23 17:18:31 Authenticated on login server
2026/09/23 17:18:31 Received server list with 1 servers
2026/09/23 17:18:31 Selected game server 2 at 127.0.0.1:7777
2026/09/23 17:18:31 Sent protocol version 419
2026/09/23 17:18:31 Game server 2 accepted the protocol
2026/09/23 17:18:31 Sent game auth login for account temp24
2026/09/23 17:18:31 Received character list with 1 characters
2026/09/23 17:18:35 Received init packet with session id 2a3d5629
2026/09/23 17:18:35 Sent auth login for account temp20
2026/09/23 17:18:35 Authenticated on login server
2026/09/23 17:18:35 Received server list with 1 servers
2026/09/23 17:18:35 Selected game server 2 at 127.0.0.1:7777
2026/09/23 17:18:35 Sent protocol version 419
2026/09/23 17:18:35 Game server 2 accepted the protocol
2026/09/23 17:18:35 Sent game auth login for account temp20
2026/09/23 17:18:35 Received character list with 1 characters
2026/09/23 17:18:35 Selected character temp20
2026/09/23 17:18:35 Sent enter world request
2026/09/23 17:18:35 User info: temp20 level 7 hp 214/214 mp 82/82 speed 125 x 15435
2026/09/23 17:18:35 Inventory listed with 13 items
2026/09/23 17:18:35 Received packet id 0x57 with 5 bytes
2026/09/23 17:18:35 Quest journal with 0 quests, 0 quest items
2026/09/23 17:18:35 NPC  spawned at 35682 50109 -3567 heading 30790
2026/09/23 17:18:35 NPC  spawned at 33674 47178 -3639 heading 32280
2026/09/23 17:18:35 NPC  spawned at 34597 50774 -3572 heading 25349
2026/09/23 17:18:35 NPC  spawned at 34248 49323 -3572 heading 0
2026/09/23 17:18:35 NPC  spawned at 34604 52202 -3567 heading 63439
2026/09/23 17:18:35 NPC  spawned at 34015 51588 -3567 heading 17045
2026/09/23 17:18:35 NPC  spawned at 34156 51206 -3567 heading 58052
2026/09/23 17:18:35 NPC  spawned at 33642 51533 -3567 heading 1198
2026/09/23 17:18:35 NPC  spawned at 36244 47819 -3639 heading 64611
2026/09/23 17:18:35 NPC  spawned at 36048 52573 -3572 heading 63366
2026/09/23 17:18:35 NPC  spawned at 36370 52378 -3520 heading 47819
2026/09/23 17:18:35 NPC  spawned at 34859 52589 -3567 heading 14341
2026/09/23 17:18:35 NPC  spawned at 35429 52251 -3567 heading 24057
2026/09/23 17:18:35 NPC  spawned at 35688 52704 -3567 heading 59394
2026/09/23 17:18:35 NPC  spawned at 38102 48705 -3548 heading 65323
2026/09/23 17:18:35 NPC  spawned at 37454 48372 -3592 heading 0
2026/09/23 17:18:35 NPC  spawned at 38719 52694 -3409 heading 5307
2026/09/23 17:18:35 NPC  spawned at 37855 52996 -3548 heading 0
2026/09/23 17:18:35 NPC  spawned at 38321 52632 -3548 heading 21990
2026/09/23 17:18:35 NPC  spawned at 38586 52809 -3409 heading 55163
2026/09/23 17:18:35 NPC  spawned at 37839 53236 -3409 heading 59445
2026/09/23 17:18:35 NPC  spawned at 37975 52551 -3543 heading 39355
2026/09/23 17:18:35 Received packet id 0x65 with 1 bytes
2026/09/23 17:18:35 Received packet id 0xda with 5 bytes
2026/09/23 17:18:35 User info: temp20 level 7 hp 214/214 mp 82/82 speed 125 x 15435
2026/09/23 17:18:35 Action failed
2026/09/23 17:18:36 Hunt: gear: swapping to the two hand Short Bow (4688)
2026/09/23 17:18:36 Hunt: gear: equipping Wooden Breastplate (47) into the empty chest slot
2026/09/23 17:18:36 Hunt: gear: equipping Bone Gaiters (32) into the empty legs slot
2026/09/23 17:18:36 Hunt: gear: equipping Leather Helmet (23) into the empty head slot
2026/09/23 17:18:36 Hunt: gear: equipping Necklace of Anguish (21) into the empty neck slot
2026/09/23 17:18:36 Hunt: gear: equipping Earring of Strength (16) into the empty right ear slot
2026/09/23 17:18:36 Hunt: gear: equipping Earring of Wisdom (16) into the empty left ear slot
2026/09/23 17:18:36 Hunt: gear: equipping Leather Gloves (15) into the empty gloves slot
2026/09/23 17:18:36 Hunt: gear: equipping Ring of Anguish (11) into the empty right finger slot
2026/09/23 17:18:36 Hunt: gear: equipping Apprentice's Shoes (8) into the empty feet slot
2026/09/23 17:18:36 Hunt: level 7: resuming the cell Kaboo Orc Grunt SW-5 - the login landed on its ground
2026/09/23 17:18:36 User info: temp20 level 7 hp 214/214 mp 82/82 speed 125 x 15435
2026/09/23 17:18:36 User info: temp20 level 7 hp 214/214 mp 82/82 speed 125 x 15435
2026/09/23 17:18:36 User info: temp20 level 7 hp 214/214 mp 82/82 speed 125 x 15435
2026/09/23 17:18:36 User info: temp20 level 7 hp 214/214 mp 82/82 speed 125 x 15435
2026/09/23 17:18:36 User info: temp20 level 7 hp 214/214 mp 82/82 speed 125 x 15435
2026/09/23 17:18:36 User info: temp20 level 7 hp 214/214 mp 82/82 speed 125 x 15435
2026/09/23 17:18:36 User info: temp20 level 7 hp 214/214 mp 82/82 speed 125 x 15435
2026/09/23 17:18:36 User info: temp20 level 7 hp 214/214 mp 82/82 speed 125 x 15435
2026/09/23 17:18:36 User info: temp20 level 7 hp 214/214 mp 82/82 speed 125 x 15435
2026/09/23 17:18:36 User info: temp20 level 7 hp 214/214 mp 82/82 speed 125 x 15435
2026/09/23 17:18:36 User info: temp20 level 7 hp 214/214 mp 82/82 speed 125 x 15435
2026/09/23 17:18:36 User info: temp20 level 7 hp 214/214 mp 82/82 speed 125 x 15435
2026/09/23 17:18:36 User info: temp20 level 7 hp 214/214 mp 82/82 speed 125 x 15435
2026/09/23 17:18:36 User info: temp20 level 7 hp 214/214 mp 82/82 speed 125 x 15435
2026/09/23 17:18:36 User info: temp20 level 7 hp 214/214 mp 82/82 speed 125 x 15435
2026/09/23 17:18:36 User info: temp20 level 7 hp 214/214 mp 82/82 speed 125 x 15435
2026/09/23 17:18:36 User info: temp20 level 7 hp 214/214 mp 82/82 speed 125 x 15435
2026/09/23 17:18:36 User info: temp20 level 7 hp 214/214 mp 82/82 speed 125 x 15435
2026/09/23 17:18:36 User info: temp20 level 7 hp 214/214 mp 82/82 speed 125 x 15435
2026/09/23 17:18:36 User info: temp20 level 7 hp 214/214 mp 82/82 speed 125 x 15435
2026/09/23 17:18:36 Skill list with 1 skills
2026/09/23 17:18:37 Received init packet with session id 3c19e89a
2026/09/23 17:18:37 Sent auth login for account temp21
2026/09/23 17:18:37 Authenticated on login server
2026/09/23 17:18:37 Received server list with 1 servers
2026/09/23 17:18:37 Selected game server 2 at 127.0.0.1:7777
2026/09/23 17:18:37 Sent protocol version 419
2026/09/23 17:18:37 Game server 2 accepted the protocol
2026/09/23 17:18:37 Sent game auth login for account temp21
2026/09/23 17:18:37 Received character list with 1 characters
2026/09/23 17:18:37 Selected character temp21
2026/09/23 17:18:37 Sent enter world request
2026/09/23 17:18:37 User info: temp21 level 7 hp 214/214 mp 82/82 speed 125 x 15435
2026/09/23 17:18:37 Inventory listed with 13 items
2026/09/23 17:18:37 Received packet id 0x57 with 5 bytes
2026/09/23 17:18:37 Quest journal with 0 quests, 0 quest items
2026/09/23 17:18:37 Player temp21 appeared at 36000 51962 -3536 speed 125
2026/09/23 17:18:37 NPC  spawned at 36048 52573 -3572 heading 63366
2026/09/23 17:18:37 NPC  spawned at 36370 52378 -3520 heading 47819
2026/09/23 17:18:37 NPC  spawned at 34859 52589 -3567 heading 14341
2026/09/23 17:18:37 NPC  spawned at 35429 52251 -3567 heading 24057
2026/09/23 17:18:37 NPC  spawned at 35605 52757 -3567 heading 26808
2026/09/23 17:18:37 NPC  spawned at 34597 50774 -3572 heading 25349
2026/09/23 17:18:37 NPC  spawned at 34248 49323 -3572 heading 0
2026/09/23 17:18:37 NPC  spawned at 34604 52202 -3567 heading 63439
2026/09/23 17:18:37 NPC  spawned at 33971 51554 -3567 heading 39682
2026/09/23 17:18:37 NPC  spawned at 34156 51206 -3567 heading 58052
2026/09/23 17:18:37 NPC  spawned at 33642 51533 -3567 heading 1198
2026/09/23 17:18:37 NPC  spawned at 33647 54664 -3590 heading 62384
2026/09/23 17:18:37 NPC  spawned at 33004 54468 -3585 heading 58851
2026/09/23 17:18:37 NPC  spawned at 33505 53349 -3590 heading 10155
2026/09/23 17:18:37 NPC  spawned at 34144 53884 -3585 heading 30860
2026/09/23 17:18:37 NPC  spawned at 32990 54829 -3590 heading 57590
2026/09/23 17:18:37 Player temp20 appeared at 36000 50229 -3456 speed 125
2026/09/23 17:18:37 Received packet id 0xe7 with 21 bytes
2026/09/23 17:18:37 NPC  spawned at 35682 50109 -3567 heading 30790
2026/09/23 17:18:37 NPC  spawned at 36590 53269 -3572 heading 0
2026/09/23 17:18:37 NPC  spawned at 38719 52694 -3409 heading 5307
2026/09/23 17:18:37 NPC  spawned at 37855 52996 -3548 heading 0
2026/09/23 17:18:37 NPC  spawned at 38321 52632 -3548 heading 21990
2026/09/23 17:18:37 NPC  spawned at 38586 52809 -3409 heading 55163
2026/09/23 17:18:37 NPC  spawned at 37839 53236 -3409 heading 59445
2026/09/23 17:18:37 NPC  spawned at 37975 52551 -3543 heading 39355
2026/09/23 17:18:37 Received packet id 0xe7 with 21 bytes
2026/09/23 17:18:37 Received packet id 0x65 with 1 bytes
2026/09/23 17:18:37 Received packet id 0xda with 5 bytes
2026/09/23 17:18:37 User info: temp21 level 7 hp 214/214 mp 82/82 speed 125 x 15435
2026/09/23 17:18:37 Action failed
2026/09/23 17:18:37 Player temp21 appeared at 36000 51962 -3536 speed 125
2026/09/23 17:18:38 Hunt: gear: swapping to the two hand Short Bow (4688)
2026/09/23 17:18:38 Hunt: gear: equipping Wooden Breastplate (47) into the empty chest slot
2026/09/23 17:18:38 Hunt: gear: equipping Bone Gaiters (32) into the empty legs slot
2026/09/23 17:18:38 Hunt: gear: equipping Leather Helmet (23) into the empty head slot
2026/09/23 17:18:38 Hunt: gear: equipping Necklace of Anguish (21) into the empty neck slot
2026/09/23 17:18:38 Hunt: gear: equipping Earring of Strength (16) into the empty right ear slot
2026/09/23 17:18:38 Hunt: gear: equipping Earring of Wisdom (16) into the empty left ear slot
2026/09/23 17:18:38 Hunt: gear: equipping Leather Gloves (15) into the empty gloves slot
2026/09/23 17:18:38 Hunt: gear: equipping Ring of Anguish (11) into the empty right finger slot
2026/09/23 17:18:38 Hunt: gear: equipping Apprentice's Shoes (8) into the empty feet slot
2026/09/23 17:18:38 Hunt: level 7: resuming the cell Kaboo Orc Grunt SW-6 - the login landed on its ground
2026/09/23 17:18:38 User info: temp21 level 7 hp 214/214 mp 82/82 speed 125 x 15435
2026/09/23 17:18:38 User info: temp21 level 7 hp 214/214 mp 82/82 speed 125 x 15435
2026/09/23 17:18:38 User info: temp21 level 7 hp 214/214 mp 82/82 speed 125 x 15435
2026/09/23 17:18:38 User info: temp21 level 7 hp 214/214 mp 82/82 speed 125 x 15435
2026/09/23 17:18:38 User info: temp21 level 7 hp 214/214 mp 82/82 speed 125 x 15435
2026/09/23 17:18:38 User info: temp21 level 7 hp 214/214 mp 82/82 speed 125 x 15435
2026/09/23 17:18:38 User info: temp21 level 7 hp 214/214 mp 82/82 speed 125 x 15435
2026/09/23 17:18:38 Action failed
2026/09/23 17:18:38 User info: temp21 level 7 hp 214/214 mp 82/82 speed 125 x 15435
2026/09/23 17:18:38 User info: temp21 level 7 hp 214/214 mp 82/82 speed 125 x 15435
2026/09/23 17:18:38 User info: temp21 level 7 hp 214/214 mp 82/82 speed 125 x 15435
2026/09/23 17:18:38 User info: temp21 level 7 hp 214/214 mp 82/82 speed 125 x 15435
2026/09/23 17:18:38 User info: temp21 level 7 hp 214/214 mp 82/82 speed 125 x 15435
2026/09/23 17:18:38 User info: temp21 level 7 hp 214/214 mp 82/82 speed 125 x 15435
2026/09/23 17:18:38 User info: temp21 level 7 hp 214/214 mp 82/82 speed 125 x 15435
2026/09/23 17:18:38 User info: temp21 level 7 hp 214/214 mp 82/82 speed 125 x 15435
2026/09/23 17:18:38 User info: temp21 level 7 hp 214/214 mp 82/82 speed 125 x 15435
2026/09/23 17:18:38 User info: temp21 level 7 hp 214/214 mp 82/82 speed 125 x 15435
2026/09/23 17:18:38 User info: temp21 level 7 hp 214/214 mp 82/82 speed 125 x 15435
2026/09/23 17:18:38 User info: temp21 level 7 hp 214/214 mp 82/82 speed 125 x 15435
2026/09/23 17:18:38 User info: temp21 level 7 hp 214/214 mp 82/82 speed 125 x 15435
2026/09/23 17:18:38 Skill list with 1 skills
2026/09/23 17:18:38 Player temp21 appeared at 36000 51962 -3536 speed 125
2026/09/23 17:18:39 Received init packet with session id 9531c88d
2026/09/23 17:18:39 Sent auth login for account temp22
2026/09/23 17:18:39 Authenticated on login server
2026/09/23 17:18:39 Received server list with 1 servers
2026/09/23 17:18:39 Selected game server 2 at 127.0.0.1:7777
2026/09/23 17:18:39 Sent protocol version 419
2026/09/23 17:18:39 Game server 2 accepted the protocol
2026/09/23 17:18:39 Sent game auth login for account temp22
2026/09/23 17:18:39 Received character list with 1 characters
2026/09/23 17:18:39 Selected character temp22
2026/09/23 17:18:39 Sent enter world request
2026/09/23 17:18:39 User info: temp22 level 7 hp 214/214 mp 82/82 speed 125 x 15435
2026/09/23 17:18:39 Inventory listed with 13 items
2026/09/23 17:18:39 Received packet id 0x57 with 5 bytes
2026/09/23 17:18:39 Quest journal with 0 quests, 0 quest items
2026/09/23 17:18:39 Player temp22 appeared at 34500 49363 -3496 speed 125
2026/09/23 17:18:39 Received packet id 0xe7 with 21 bytes
2026/09/23 17:18:39 NPC  spawned at 34597 50774 -3572 heading 25349
2026/09/23 17:18:39 NPC  spawned at 34248 49323 -3572 heading 0
2026/09/23 17:18:39 NPC  spawned at 31525 47658 -3665 heading 23077
2026/09/23 17:18:39 NPC  spawned at 30879 48695 -3665 heading 6588
2026/09/23 17:18:39 NPC  spawned at 30833 50237 -3665 heading 25746
2026/09/23 17:18:39 NPC  spawned at 32188 50321 -3670 heading 40370
2026/09/23 17:18:39 NPC  spawned at 30972 50385 -3665 heading 50865
2026/09/23 17:18:39 NPC  spawned at 31753 51532 -3670 heading 0
2026/09/23 17:18:39 NPC  spawned at 33674 47178 -3639 heading 32280
2026/09/23 17:18:39 NPC  spawned at 34604 52202 -3567 heading 63439
2026/09/23 17:18:39 NPC  spawned at 33942 51531 -3567 heading 39682
2026/09/23 17:18:39 NPC  spawned at 34156 51206 -3567 heading 58052
2026/09/23 17:18:39 NPC  spawned at 33642 51533 -3567 heading 1198
2026/09/23 17:18:39 NPC  spawned at 36244 47819 -3639 heading 64611
2026/09/23 17:18:39 Player temp20 appeared at 36000 50229 -3456 speed 125
2026/09/23 17:18:39 Received packet id 0xe7 with 21 bytes
2026/09/23 17:18:39 NPC  spawned at 35682 50109 -3567 heading 30790
2026/09/23 17:18:39 NPC  spawned at 36048 52573 -3572 heading 63366
2026/09/23 17:18:39 NPC  spawned at 36370 52378 -3520 heading 47819
2026/09/23 17:18:39 NPC  spawned at 34859 52589 -3567 heading 14341
2026/09/23 17:18:39 Player temp21 appeared at 36030 52028 -3536 speed 125
2026/09/23 17:18:39 Received packet id 0xe7 with 21 bytes
2026/09/23 17:18:39 NPC  spawned at 35429 52251 -3567 heading 24057
2026/09/23 17:18:39 NPC  spawned at 35513 52816 -3567 heading 26808
2026/09/23 17:18:39 Player temp22 appeared at 34500 49363 -3496 speed 125
2026/09/23 17:18:39 Received packet id 0xe7 with 21 bytes
2026/09/23 17:18:39 Received packet id 0x65 with 1 bytes
2026/09/23 17:18:39 Received packet id 0xda with 5 bytes
2026/09/23 17:18:39 User info: temp22 level 7 hp 214/214 mp 82/82 speed 125 x 15435
2026/09/23 17:18:39 Action failed
2026/09/23 17:18:39 Player temp22 appeared at 34500 49363 -3496 speed 125
2026/09/23 17:18:39 Player temp22 appeared at 34500 49363 -3496 speed 125
2026/09/23 17:18:40 Hunt: gear: swapping to the two hand Short Bow (4688)
2026/09/23 17:18:40 Hunt: gear: equipping Wooden Breastplate (47) into the empty chest slot
2026/09/23 17:18:40 Hunt: gear: equipping Bone Gaiters (32) into the empty legs slot
2026/09/23 17:18:40 Hunt: gear: equipping Leather Helmet (23) into the empty head slot
2026/09/23 17:18:40 Hunt: gear: equipping Necklace of Anguish (21) into the empty neck slot
2026/09/23 17:18:40 Hunt: gear: equipping Earring of Strength (16) into the empty right ear slot
2026/09/23 17:18:40 Hunt: gear: equipping Earring of Wisdom (16) into the empty left ear slot
2026/09/23 17:18:40 Hunt: gear: equipping Leather Gloves (15) into the empty gloves slot
2026/09/23 17:18:40 Hunt: gear: equipping Ring of Anguish (11) into the empty right finger slot
2026/09/23 17:18:40 Hunt: gear: equipping Apprentice's Shoes (8) into the empty feet slot
2026/09/23 17:18:40 Hunt: level 7: resuming the cell Kaboo Orc Grunt SW-3 - the login landed on its ground
2026/09/23 17:18:40 User info: temp22 level 7 hp 214/214 mp 82/82 speed 125 x 15435
2026/09/23 17:18:40 User info: temp22 level 7 hp 214/214 mp 82/82 speed 125 x 15435
2026/09/23 17:18:40 User info: temp22 level 7 hp 214/214 mp 82/82 speed 125 x 15435
2026/09/23 17:18:40 User info: temp22 level 7 hp 214/214 mp 82/82 speed 125 x 15435
2026/09/23 17:18:40 User info: temp22 level 7 hp 214/214 mp 82/82 speed 125 x 15435
2026/09/23 17:18:40 User info: temp22 level 7 hp 214/214 mp 82/82 speed 125 x 15435
2026/09/23 17:18:40 User info: temp22 level 7 hp 214/214 mp 82/82 speed 125 x 15435
2026/09/23 17:18:40 Action failed
2026/09/23 17:18:40 User info: temp22 level 7 hp 214/214 mp 82/82 speed 125 x 15435
2026/09/23 17:18:40 User info: temp22 level 7 hp 214/214 mp 82/82 speed 125 x 15435
2026/09/23 17:18:40 User info: temp22 level 7 hp 214/214 mp 82/82 speed 125 x 15435
2026/09/23 17:18:40 User info: temp22 level 7 hp 214/214 mp 82/82 speed 125 x 15435
2026/09/23 17:18:40 User info: temp22 level 7 hp 214/214 mp 82/82 speed 125 x 15435
2026/09/23 17:18:40 User info: temp22 level 7 hp 214/214 mp 82/82 speed 125 x 15435
2026/09/23 17:18:40 User info: temp22 level 7 hp 214/214 mp 82/82 speed 125 x 15435
2026/09/23 17:18:40 User info: temp22 level 7 hp 214/214 mp 82/82 speed 125 x 15435
2026/09/23 17:18:40 User info: temp22 level 7 hp 214/214 mp 82/82 speed 125 x 15435
2026/09/23 17:18:40 User info: temp22 level 7 hp 214/214 mp 82/82 speed 125 x 15435
2026/09/23 17:18:40 User info: temp22 level 7 hp 214/214 mp 82/82 speed 125 x 15435
2026/09/23 17:18:40 User info: temp22 level 7 hp 214/214 mp 82/82 speed 125 x 15435
2026/09/23 17:18:40 User info: temp22 level 7 hp 214/214 mp 82/82 speed 125 x 15435
2026/09/23 17:18:40 Skill list with 1 skills
2026/09/23 17:18:40 Player temp22 appeared at 34500 49363 -3496 speed 125
2026/09/23 17:18:40 Player temp22 appeared at 34500 49363 -3496 speed 125
2026/09/23 17:18:40 Hunt: Kaboo Orc Fighter stalks the fight 478 units out, stepping clear
2026/09/23 17:18:40 NPC  spawned at 36048 52573 -3572 heading 63366
2026/09/23 17:18:40 NPC  spawned at 36048 52573 -3572 heading 63366
2026/09/23 17:18:40 NPC  spawned at 36048 52573 -3572 heading 63366
2026/09/23 17:18:41 Hunt: hostile 268450362 holds 255 units at the walk end, the pursuit continues the retreat (step 1 of 8)
2026/09/23 17:18:41 Received init packet with session id d400a582
2026/09/23 17:18:41 Sent auth login for account temp23
2026/09/23 17:18:41 Authenticated on login server
2026/09/23 17:18:41 Received server list with 1 servers
2026/09/23 17:18:41 Selected game server 2 at 127.0.0.1:7777
2026/09/23 17:18:41 Sent protocol version 419
2026/09/23 17:18:41 Game server 2 accepted the protocol
2026/09/23 17:18:41 Sent game auth login for account temp23
2026/09/23 17:18:41 Received character list with 1 characters
2026/09/23 17:18:41 Selected character temp23
2026/09/23 17:18:41 Sent enter world request
2026/09/23 17:18:41 User info: temp23 level 7 hp 214/214 mp 82/82 speed 125 x 15435
2026/09/23 17:18:41 Inventory listed with 13 items
2026/09/23 17:18:41 Received packet id 0x57 with 5 bytes
2026/09/23 17:18:41 Quest journal with 0 quests, 0 quest items
2026/09/23 17:18:41 NPC  spawned at 39860 50736 -3548 heading 0
2026/09/23 17:18:41 NPC  spawned at 39790 50923 -3548 heading 21342
2026/09/23 17:18:41 NPC  spawned at 39447 50543 -3548 heading 36788
2026/09/23 17:18:41 NPC  spawned at 40016 51099 -3548 heading 1109
2026/09/23 17:18:41 NPC  spawned at 39473 50814 -3548 heading 23225
2026/09/23 17:18:41 NPC  spawned at 40071 50687 -3543 heading 24056
2026/09/23 17:18:41 NPC  spawned at 39988 49418 -3543 heading 57985
2026/09/23 17:18:41 NPC  spawned at 38102 48705 -3548 heading 65323
2026/09/23 17:18:41 NPC  spawned at 37454 48372 -3592 heading 0
2026/09/23 17:18:41 NPC  spawned at 38719 52694 -3409 heading 5307
2026/09/23 17:18:41 NPC  spawned at 37855 52996 -3548 heading 0
2026/09/23 17:18:41 NPC  spawned at 38321 52632 -3548 heading 21990
2026/09/23 17:18:41 NPC  spawned at 38586 52809 -3409 heading 55163
2026/09/23 17:18:41 NPC  spawned at 37975 52551 -3543 heading 39355
2026/09/23 17:18:41 NPC  spawned at 39904 49065 -3543 heading 15530
2026/09/23 17:18:41 NPC  spawned at 39492 48353 -3543 heading 59664
2026/09/23 17:18:41 NPC  spawned at 39591 52384 -3409 heading 9038
2026/09/23 17:18:41 NPC  spawned at 39992 51202 -3548 heading 0
2026/09/23 17:18:41 NPC  spawned at 39673 52390 -3409 heading 58025
2026/09/23 17:18:41 NPC  spawned at 40023 51902 -3409 heading 26714
2026/09/23 17:18:41 NPC  spawned at 42978 49115 -2992 heading 0
2026/09/23 17:18:41 NPC  spawned at 42812 51138 -2992 heading 16384
2026/09/23 17:18:41 NPC  spawned at 42700 50057 -2984 heading 14500
2026/09/23 17:18:41 NPC  spawned at 42766 50037 -2984 heading 11500
2026/09/23 17:18:41 NPC  spawned at 42971 51372 -2992 heading 32768
2026/09/23 17:18:41 Received packet id 0x65 with 1 bytes
2026/09/23 17:18:41 Received packet id 0xda with 5 bytes
2026/09/23 17:18:41 User info: temp23 level 7 hp 214/214 mp 82/82 speed 125 x 15435
2026/09/23 17:18:41 Action failed
2026/09/23 17:18:41 NPC  spawned at 35682 50109 -3567 heading 30790
2026/09/23 17:18:41 NPC  spawned at 35682 50109 -3567 heading 30790
2026/09/23 17:18:41 NPC  spawned at 35682 50109 -3567 heading 30790
2026/09/23 17:18:42 Hunt: gear: swapping to the two hand Short Bow (4688)
2026/09/23 17:18:42 Hunt: gear: equipping Wooden Breastplate (47) into the empty chest slot
2026/09/23 17:18:42 Hunt: gear: equipping Bone Gaiters (32) into the empty legs slot
2026/09/23 17:18:42 Hunt: gear: equipping Leather Helmet (23) into the empty head slot
2026/09/23 17:18:42 Hunt: gear: equipping Necklace of Anguish (21) into the empty neck slot
2026/09/23 17:18:42 Hunt: gear: equipping Earring of Strength (16) into the empty right ear slot
2026/09/23 17:18:42 Hunt: gear: equipping Earring of Wisdom (16) into the empty left ear slot
2026/09/23 17:18:42 Hunt: gear: equipping Leather Gloves (15) into the empty gloves slot
2026/09/23 17:18:42 Hunt: gear: equipping Ring of Anguish (11) into the empty right finger slot
2026/09/23 17:18:42 Hunt: gear: equipping Apprentice's Shoes (8) into the empty feet slot
2026/09/23 17:18:42 Hunt: level 7: resuming the cell Green Dryad SW-9 - the login landed on its ground
2026/09/23 17:18:42 User info: temp23 level 7 hp 214/214 mp 82/82 speed 125 x 15435
2026/09/23 17:18:42 User info: temp23 level 7 hp 214/214 mp 82/82 speed 125 x 15435
2026/09/23 17:18:42 User info: temp23 level 7 hp 214/214 mp 82/82 speed 125 x 15435
2026/09/23 17:18:42 User info: temp23 level 7 hp 214/214 mp 82/82 speed 125 x 15435
2026/09/23 17:18:42 User info: temp23 level 7 hp 214/214 mp 82/82 speed 125 x 15435
2026/09/23 17:18:42 User info: temp23 level 7 hp 214/214 mp 82/82 speed 125 x 15435
2026/09/23 17:18:42 User info: temp23 level 7 hp 214/214 mp 82/82 speed 125 x 15435
2026/09/23 17:18:42 User info: temp23 level 7 hp 214/214 mp 82/82 speed 125 x 15435
2026/09/23 17:18:42 User info: temp23 level 7 hp 214/214 mp 82/82 speed 125 x 15435
2026/09/23 17:18:42 User info: temp23 level 7 hp 214/214 mp 82/82 speed 125 x 15435
2026/09/23 17:18:42 User info: temp23 level 7 hp 214/214 mp 82/82 speed 125 x 15435
2026/09/23 17:18:42 User info: temp23 level 7 hp 214/214 mp 82/82 speed 125 x 15435
2026/09/23 17:18:42 User info: temp23 level 7 hp 214/214 mp 82/82 speed 125 x 15435
2026/09/23 17:18:42 User info: temp23 level 7 hp 214/214 mp 82/82 speed 125 x 15435
2026/09/23 17:18:42 User info: temp23 level 7 hp 214/214 mp 82/82 speed 125 x 15435
2026/09/23 17:18:42 User info: temp23 level 7 hp 214/214 mp 82/82 speed 125 x 15435
2026/09/23 17:18:42 User info: temp23 level 7 hp 214/214 mp 82/82 speed 125 x 15435
2026/09/23 17:18:42 User info: temp23 level 7 hp 214/214 mp 82/82 speed 125 x 15435
2026/09/23 17:18:42 User info: temp23 level 7 hp 214/214 mp 82/82 speed 125 x 15435
2026/09/23 17:18:42 User info: temp23 level 7 hp 214/214 mp 82/82 speed 125 x 15435
2026/09/23 17:18:42 Skill list with 1 skills
2026/09/23 17:18:43 NPC  spawned at 33633 53246 -3590 heading 58498
2026/09/23 17:18:43 NPC  spawned at 33633 53246 -3590 heading 58498
2026/09/23 17:18:43 Received init packet with session id a540c779
2026/09/23 17:18:43 Sent auth login for account temp24
2026/09/23 17:18:43 Authenticated on login server
2026/09/23 17:18:43 Received server list with 1 servers
2026/09/23 17:18:43 Selected game server 2 at 127.0.0.1:7777
2026/09/23 17:18:43 Sent protocol version 419
2026/09/23 17:18:43 Game server 2 accepted the protocol
2026/09/23 17:18:43 Sent game auth login for account temp24
2026/09/23 17:18:43 Received character list with 1 characters
2026/09/23 17:18:43 Selected character temp24
2026/09/23 17:18:43 Sent enter world request
2026/09/23 17:18:43 User info: temp24 level 7 hp 214/214 mp 82/82 speed 125 x 15435
2026/09/23 17:18:43 Inventory listed with 13 items
2026/09/23 17:18:43 Received packet id 0x57 with 5 bytes
2026/09/23 17:18:43 Quest journal with 0 quests, 0 quest items
2026/09/23 17:18:43 Player temp24 appeared at 37500 49363 -3520 speed 125
2026/09/23 17:18:43 Received packet id 0xe7 with 21 bytes
2026/09/23 17:18:43 NPC  spawned at 36244 47819 -3639 heading 64611
2026/09/23 17:18:43 Player temp20 appeared at 35863 50302 -3456 speed 125
2026/09/23 17:18:43 Received packet id 0xe7 with 21 bytes
2026/09/23 17:18:43 NPC  spawned at 35774 50162 -3524 heading 5513
2026/09/23 17:18:43 NPC  spawned at 36059 52336 -3555 heading 49343
2026/09/23 17:18:43 NPC  spawned at 36370 52378 -3520 heading 47819
2026/09/23 17:18:43 NPC  spawned at 34968 52479 -3567 heading 57343
2026/09/23 17:18:43 Player temp21 appeared at 36055 51822 -3536 speed 125
2026/09/23 17:18:43 Received packet id 0xe7 with 21 bytes
2026/09/23 17:18:43 NPC  spawned at 35429 52251 -3567 heading 24057
2026/09/23 17:18:43 NPC  spawned at 35464 52848 -3567 heading 26808
2026/09/23 17:18:43 NPC  spawned at 38102 48705 -3548 heading 65323
2026/09/23 17:18:43 NPC  spawned at 37454 48372 -3592 heading 0
2026/09/23 17:18:43 NPC  spawned at 38719 52694 -3409 heading 5307
2026/09/23 17:18:43 NPC  spawned at 37855 52996 -3548 heading 0
2026/09/23 17:18:43 NPC  spawned at 38321 52632 -3548 heading 21990
2026/09/23 17:18:43 NPC  spawned at 38586 52809 -3409 heading 55163
2026/09/23 17:18:43 NPC  spawned at 37975 52551 -3543 heading 39355
2026/09/23 17:18:43 NPC  spawned at 39904 49065 -3543 heading 15530
2026/09/23 17:18:43 NPC  spawned at 39492 48353 -3543 heading 59664
2026/09/23 17:18:43 NPC  spawned at 39860 50736 -3548 heading 0
2026/09/23 17:18:43 NPC  spawned at 39790 50923 -3548 heading 21342
2026/09/23 17:18:43 NPC  spawned at 39447 50543 -3548 heading 36788
2026/09/23 17:18:43 NPC  spawned at 40016 51099 -3548 heading 1109
2026/09/23 17:18:43 NPC  spawned at 39473 50814 -3548 heading 23225
2026/09/23 17:18:43 NPC  spawned at 40071 50687 -3543 heading 24056
2026/09/23 17:18:43 NPC  spawned at 39988 49418 -3543 heading 57985
2026/09/23 17:18:43 Player temp23 appeared at 39000 50229 -3496 speed 125
2026/09/23 17:18:43 Received packet id 0xe7 with 21 bytes
2026/09/23 17:18:43 NPC  spawned at 39591 52384 -3409 heading 9038
2026/09/23 17:18:43 NPC  spawned at 39992 51202 -3548 heading 0
2026/09/23 17:18:43 NPC  spawned at 39673 52390 -3409 heading 58025
2026/09/23 17:18:43 NPC  spawned at 40023 51902 -3409 heading 26714
2026/09/23 17:18:43 Player temp24 appeared at 37500 49363 -3520 speed 125
2026/09/23 17:18:43 Received packet id 0xe7 with 21 bytes
2026/09/23 17:18:43 Player temp24 appeared at 37500 49363 -3520 speed 125
2026/09/23 17:18:43 Received packet id 0xe7 with 21 bytes
2026/09/23 17:18:43 Received packet id 0x65 with 1 bytes
2026/09/23 17:18:43 Received packet id 0xda with 5 bytes
2026/09/23 17:18:43 User info: temp24 level 7 hp 214/214 mp 82/82 speed 125 x 15435
2026/09/23 17:18:43 Action failed
2026/09/23 17:18:43 Player temp24 appeared at 37500 49363 -3520 speed 125
2026/09/23 17:18:43 Player temp24 appeared at 37500 49363 -3520 speed 125
2026/09/23 17:18:43 Player temp24 appeared at 37500 49363 -3520 speed 125
2026/09/23 17:18:44 Hunt: gear: swapping to the two hand Short Bow (4688)
2026/09/23 17:18:44 Hunt: gear: equipping Wooden Breastplate (47) into the empty chest slot
2026/09/23 17:18:44 Hunt: gear: equipping Bone Gaiters (32) into the empty legs slot
2026/09/23 17:18:44 Hunt: gear: equipping Leather Helmet (23) into the empty head slot
2026/09/23 17:18:44 Hunt: gear: equipping Necklace of Anguish (21) into the empty neck slot
2026/09/23 17:18:44 Hunt: gear: equipping Earring of Strength (16) into the empty right ear slot
2026/09/23 17:18:44 Hunt: gear: equipping Earring of Wisdom (16) into the empty left ear slot
2026/09/23 17:18:44 Hunt: gear: equipping Leather Gloves (15) into the empty gloves slot
2026/09/23 17:18:44 Hunt: gear: equipping Ring of Anguish (11) into the empty right finger slot
2026/09/23 17:18:44 Hunt: gear: equipping Apprentice's Shoes (8) into the empty feet slot
2026/09/23 17:18:44 Hunt: level 7: resuming the cell Green Dryad SW-5 - the login landed on its ground
2026/09/23 17:18:44 User info: temp24 level 7 hp 214/214 mp 82/82 speed 125 x 15435
2026/09/23 17:18:44 User info: temp24 level 7 hp 214/214 mp 82/82 speed 125 x 15435
2026/09/23 17:18:44 User info: temp24 level 7 hp 214/214 mp 82/82 speed 125 x 15435
2026/09/23 17:18:44 User info: temp24 level 7 hp 214/214 mp 82/82 speed 125 x 15435
2026/09/23 17:18:44 User info: temp24 level 7 hp 214/214 mp 82/82 speed 125 x 15435
2026/09/23 17:18:44 User info: temp24 level 7 hp 214/214 mp 82/82 speed 125 x 15435
2026/09/23 17:18:44 User info: temp24 level 7 hp 214/214 mp 82/82 speed 125 x 15435
2026/09/23 17:18:44 Action failed
2026/09/23 17:18:44 User info: temp24 level 7 hp 214/214 mp 82/82 speed 125 x 15435
2026/09/23 17:18:44 User info: temp24 level 7 hp 214/214 mp 82/82 speed 125 x 15435
2026/09/23 17:18:44 User info: temp24 level 7 hp 214/214 mp 82/82 speed 125 x 15435
2026/09/23 17:18:44 User info: temp24 level 7 hp 214/214 mp 82/82 speed 125 x 15435
2026/09/23 17:18:44 User info: temp24 level 7 hp 214/214 mp 82/82 speed 125 x 15435
2026/09/23 17:18:44 User info: temp24 level 7 hp 214/214 mp 82/82 speed 125 x 15435
2026/09/23 17:18:44 User info: temp24 level 7 hp 214/214 mp 82/82 speed 125 x 15435
2026/09/23 17:18:44 User info: temp24 level 7 hp 214/214 mp 82/82 speed 125 x 15435
2026/09/23 17:18:44 User info: temp24 level 7 hp 214/214 mp 82/82 speed 125 x 15435
2026/09/23 17:18:44 User info: temp24 level 7 hp 214/214 mp 82/82 speed 125 x 15435
2026/09/23 17:18:44 User info: temp24 level 7 hp 214/214 mp 82/82 speed 125 x 15435
2026/09/23 17:18:44 User info: temp24 level 7 hp 214/214 mp 82/82 speed 125 x 15435
2026/09/23 17:18:44 User info: temp24 level 7 hp 214/214 mp 82/82 speed 125 x 15435
2026/09/23 17:18:44 Skill list with 1 skills
2026/09/23 17:18:44 Player temp24 appeared at 37500 49363 -3520 speed 125
2026/09/23 17:18:44 Player temp24 appeared at 37500 49363 -3520 speed 125
2026/09/23 17:18:44 Player temp24 appeared at 37500 49363 -3520 speed 125
2026/09/23 17:18:45 Received packet id 0x85 with 13 bytes
2026/09/23 17:18:45 Action failed
2026/09/23 17:18:45 Hunt: shot released on 268450362, hostile 268450362 holds 419 units, the retreat clicks at the windup end
2026/09/23 17:18:47 NPC  spawned at 35080 45772 -3644 heading 32920
2026/09/23 17:18:47 NPC  spawned at 35824 46324 -3699 heading 48728
2026/09/23 17:18:47 NPC  spawned at 36681 45770 -3644 heading 0
2026/09/23 17:18:47 NPC  spawned at 35279 46254 -3704 heading 32858
2026/09/23 17:18:47 NPC  spawned at 37130 47026 -3587 heading 18692
2026/09/23 17:18:47 NPC  spawned at 37496 45861 -3587 heading 33952
2026/09/23 17:18:47 NPC  spawned at 38873 45688 -3587 heading 59107
2026/09/23 17:18:47 NPC  spawned at 38696 46835 -3592 heading 0
2026/09/23 17:18:47 NPC  spawned at 38436 46242 -3592 heading 0
2026/09/23 17:18:47 Hunt: the windup on 268450362 ended (hostile 268450362 at 419 units), kiting the reload tail
2026/09/23 17:18:47 Received packet id 0x85 with 13 bytes
2026/09/23 17:18:47 Action failed
2026/09/23 17:18:48 Received packet id 0x85 with 13 bytes
2026/09/23 17:18:49 Player temp23 appeared at 38911 50079 -3496 speed 125
2026/09/23 17:18:49 Player temp23 appeared at 38911 50079 -3496 speed 125
2026/09/23 17:18:49 Received packet id 0xe7 with 21 bytes
2026/09/23 17:18:49 NPC  spawned at 36226 47838 -3639 heading 23933
2026/09/23 17:18:49 Player temp20 appeared at 36040 50173 -3456 speed 125
2026/09/23 17:18:49 Received packet id 0xe7 with 21 bytes
2026/09/23 17:18:49 Received packet id 0xe7 with 21 bytes
2026/09/23 17:18:49 NPC  spawned at 36157 50007 -3456 heading 22517
2026/09/23 17:18:49 NPC  spawned at 36027 52074 -3536 heading 46596
2026/09/23 17:18:49 NPC  spawned at 36370 52378 -3520 heading 47819
2026/09/23 17:18:49 NPC  spawned at 35102 52346 -3567 heading 57343
2026/09/23 17:18:49 Player temp21 appeared at 36020 52043 -3536 speed 125
2026/09/23 17:18:49 Received packet id 0xe7 with 21 bytes
2026/09/23 17:18:49 NPC  spawned at 35429 52251 -3567 heading 24057
2026/09/23 17:18:49 NPC  spawned at 35464 52848 -3567 heading 26808
2026/09/23 17:18:50 NPC  spawned at 34248 49323 -3572 heading 0
2026/09/23 17:18:50 NPC  spawned at 34248 49323 -3572 heading 0
2026/09/23 17:18:50 NPC  spawned at 34248 49323 -3572 heading 0
2026/09/23 17:18:50 Received packet id 0x85 with 13 bytes
2026/09/23 17:18:51 Action failed
2026/09/23 17:18:51 Hunt: dropping the target 268450386: the ground rotation owns the way
2026/09/23 17:18:51 Hunt: the fight crossed into Green Dryad SW-5 (was Green Dryad SW-9), following the ground
2026/09/23 17:18:51 Action failed
2026/09/23 17:18:51 Received packet id 0x85 with 13 bytes
2026/09/23 17:18:52 Hunt: shot released on 268450362, hostile 268450362 holds 349 units, the retreat clicks at the windup end
2026/09/23 17:18:52 NPC  spawned at 38102 48705 -3548 heading 65323
2026/09/23 17:18:52 NPC  spawned at 38102 48705 -3548 heading 65323
2026/09/23 17:18:52 NPC  spawned at 38102 48705 -3548 heading 65323
2026/09/23 17:18:52 Action failed
2026/09/23 17:18:53 Hunt: no walkable retreat lane on target 268450362 (cornered), holding ground and shooting the bow
2026/09/23 17:18:53 Received packet id 0x85 with 13 bytes
2026/09/23 17:18:53 Action failed
2026/09/23 17:18:54 Hunt: shot released on 268450386, hostile 268450386 holds 317 units, the retreat clicks at the windup end
2026/09/23 17:18:54 Received packet id 0x85 with 13 bytes
2026/09/23 17:18:55 Hunt: the windup on 268450386 ended (hostile 268450386 at 204 units), kiting the reload tail
2026/09/23 17:18:56 Player temp24 appeared at 37689 49154 -3548 speed 125
2026/09/23 17:18:56 Received packet id 0xe7 with 21 bytes
2026/09/23 17:18:56 NPC  spawned at 36045 52125 -3536 heading 46596
2026/09/23 17:18:56 NPC  spawned at 36370 52378 -3520 heading 47819
2026/09/23 17:18:56 NPC  spawned at 35076 52470 -3567 heading 18511
2026/09/23 17:18:56 Player temp21 appeared at 36026 52055 -3536 speed 125
2026/09/23 17:18:56 Received packet id 0xe7 with 21 bytes
2026/09/23 17:18:56 NPC  spawned at 35429 52251 -3567 heading 24057
2026/09/23 17:18:56 NPC  spawned at 35464 52848 -3567 heading 26808
2026/09/23 17:18:56 NPC  spawned at 38719 52694 -3409 heading 5307
2026/09/23 17:18:56 NPC  spawned at 37855 52996 -3548 heading 0
2026/09/23 17:18:56 NPC  spawned at 38321 52632 -3548 heading 21990
2026/09/23 17:18:56 NPC  spawned at 38586 52809 -3409 heading 55163
2026/09/23 17:18:56 NPC  spawned at 37975 52551 -3543 heading 39355
2026/09/23 17:18:56 NPC  spawned at 39694 52286 -3409 heading 57603
2026/09/23 17:18:56 NPC  spawned at 39992 51202 -3548 heading 0
2026/09/23 17:18:56 NPC  spawned at 39673 52390 -3409 heading 58025
2026/09/23 17:18:56 NPC  spawned at 40023 51902 -3409 heading 26714
2026/09/23 17:18:57 Hunt: hostile 268450386 holds 137 units at the walk end, the pursuit continues the retreat (step 1 of 8)
2026/09/23 17:18:57 Hunt: hostile 268450362 closed to 13 units of the fight on 268450362, kiting clear (step 1 of 8)
2026/09/23 17:18:57 NPC  spawned at 37679 49165 -3548 heading 24038
2026/09/23 17:18:58 Hunt: hostile 268450362 holds 13 units at the walk end, the pursuit continues the retreat (step 2 of 8)
2026/09/23 17:18:59 Received packet id 0x85 with 13 bytes
2026/09/23 17:18:59 Hunt: shot released on 268450386, hostile 268450386 holds 373 units, the retreat clicks at the windup end
2026/09/23 17:18:59 Player temp22 appeared at 34817 49994 -3572 speed 125
2026/09/23 17:18:59 Received packet id 0xe7 with 21 bytes
2026/09/23 17:18:59 Player temp22 appeared at 34817 49994 -3572 speed 125
2026/09/23 17:18:59 Received packet id 0xe7 with 21 bytes
2026/09/23 17:18:59 NPC  spawned at 37454 48372 -3592 heading 0
2026/09/23 17:18:59 Player temp24 appeared at 37846 49540 -3548 speed 125
2026/09/23 17:18:59 Received packet id 0xe7 with 21 bytes
2026/09/23 17:18:59 NPC  spawned at 37777 49430 -3548 heading 10540
2026/09/23 17:18:59 Player temp23 appeared at 38085 49308 -3548 speed 125
2026/09/23 17:18:59 Received packet id 0xe7 with 21 bytes
2026/09/23 17:18:59 NPC  spawned at 38719 52694 -3409 heading 5307
2026/09/23 17:18:59 NPC  spawned at 37855 52996 -3548 heading 0
2026/09/23 17:18:59 NPC  spawned at 38321 52632 -3548 heading 21990
2026/09/23 17:18:59 NPC  spawned at 38586 52809 -3409 heading 55163
2026/09/23 17:18:59 NPC  spawned at 37975 52551 -3543 heading 39355
2026/09/23 17:19:00 Hunt: hostile 268450386 holds 130 units at the walk end, the pursuit continues the retreat (step 2 of 8)
2026/09/23 17:19:01 Hunt: no walkable retreat lane on target 268450362 (cornered), holding ground and shooting the bow
2026/09/23 17:19:01 Received packet id 0x85 with 13 bytes
2026/09/23 17:19:01 Hunt: the chasers surround the bow fight on target 268450386, holding ground and shooting through the train
2026/09/23 17:19:02 Received packet id 0x85 with 13 bytes
2026/09/23 17:19:02 NPC  spawned at 37596 53245 -3409 heading 44507
2026/09/23 17:19:02 NPC  spawned at 37596 53245 -3409 heading 44507
2026/09/23 17:19:02 NPC  spawned at 37596 53245 -3409 heading 44507
2026/09/23 17:19:02 NPC  spawned at 37596 53245 -3409 heading 44507
2026/09/23 17:19:03 Hunt: no walkable retreat lane on target 268450386 (cornered), holding ground and shooting the bow
2026/09/23 17:19:03 Received packet id 0x85 with 13 bytes
2026/09/23 17:19:03 Action failed
2026/09/23 17:19:03 Hunt: fleeing for 20s without shaking the chase, resetting the aggro via logout
2026/09/23 17:19:03 Hunt: death at the cell Kaboo Orc Grunt SW-6 (heat 1.0)
2026/09/23 17:19:03 Hunt: dropping the target 0: the ground rotation owns the way
2026/09/23 17:19:03 Hunt: regressing from Kaboo Orc Grunt SW-6 to Gray Wolf SW-3 after the death
2026/09/23 17:19:03 Hunt: HP 86% under attack, emergency logout for 2s
2026/09/23 17:19:03 Hunt: fleeing for 20s without shaking the chase, resetting the aggro via logout
2026/09/23 17:19:03 Hunt: death at the cell Kaboo Orc Grunt SW-5 (heat 1.0)
2026/09/23 17:19:03 Hunt: regressing from Kaboo Orc Grunt SW-5 to Gray Wolf SW-1 after the death
2026/09/23 17:19:03 Hunt: HP 75% under attack, emergency logout for 2s
2026/09/23 17:19:04 Received packet id 0x85 with 13 bytes
2026/09/23 17:19:04 Hunt: shot released on 268450362, hostile 268450362 holds 13 units, the retreat clicks at the windup end
2026/09/23 17:19:05 Received packet id 0x85 with 13 bytes
2026/09/23 17:19:05 Action failed
2026/09/23 17:19:05 Received init packet with session id c9363193
2026/09/23 17:19:05 Sent auth login for account temp21
2026/09/23 17:19:05 Authenticated on login server
2026/09/23 17:19:05 Received server list with 1 servers
2026/09/23 17:19:05 Selected game server 2 at 127.0.0.1:7777
2026/09/23 17:19:05 Sent protocol version 419
2026/09/23 17:19:05 Game server 2 accepted the protocol
2026/09/23 17:19:05 Sent game auth login for account temp21
2026/09/23 17:19:05 Received character list with 1 characters
2026/09/23 17:19:05 Selected character temp21
2026/09/23 17:19:05 Sent enter world request
2026/09/23 17:19:05 User info: temp21 level 7 hp 173/214 mp 82/82 speed 125 x 15435
2026/09/23 17:19:05 Inventory listed with 12 items
2026/09/23 17:19:05 Received packet id 0x57 with 5 bytes
2026/09/23 17:19:05 Quest journal with 0 quests, 0 quest items
2026/09/23 17:19:05 Player temp21 appeared at 36000 51962 -3536 speed 125
2026/09/23 17:19:05 Player temp21 appeared at 36000 51962 -3536 speed 125
2026/09/23 17:19:05 Player temp21 appeared at 36000 51962 -3536 speed 125
2026/09/23 17:19:05 Received packet id 0xe7 with 21 bytes
2026/09/23 17:19:05 Received packet id 0xe7 with 21 bytes
2026/09/23 17:19:05 NPC  spawned at 36004 51976 -3536 heading 46249
2026/09/23 17:19:05 NPC  spawned at 36370 52378 -3520 heading 47819
2026/09/23 17:19:05 NPC  spawned at 35256 52299 -3567 heading 61937
2026/09/23 17:19:05 NPC  spawned at 35429 52251 -3567 heading 24057
2026/09/23 17:19:05 NPC  spawned at 35464 52848 -3567 heading 26808
2026/09/23 17:19:05 NPC  spawned at 34597 50774 -3572 heading 25349
2026/09/23 17:19:05 NPC  spawned at 34807 49986 -3572 heading 7037
2026/09/23 17:19:05 NPC  spawned at 34442 51037 -3567 heading 56152
2026/09/23 17:19:05 NPC  spawned at 34604 52202 -3567 heading 63439
2026/09/23 17:19:05 NPC  spawned at 33483 53226 -3590 heading 32949
2026/09/23 17:19:05 NPC  spawned at 34073 51465 -3567 heading 60715
2026/09/23 17:19:05 NPC  spawned at 33239 52086 -3567 heading 19997
2026/09/23 17:19:05 NPC  spawned at 33647 54664 -3590 heading 62384
2026/09/23 17:19:05 NPC  spawned at 33143 54479 -3585 heading 4530
2026/09/23 17:19:05 NPC  spawned at 33821 53917 -3585 heading 38228
2026/09/23 17:19:05 NPC  spawned at 32990 54829 -3590 heading 57590
2026/09/23 17:19:05 Player temp20 appeared at 35689 50745 -3456 speed 125
2026/09/23 17:19:05 Received packet id 0xe7 with 21 bytes
2026/09/23 17:19:05 NPC  spawned at 35865 50449 -3456 heading 21972
2026/09/23 17:19:05 Player temp22 appeared at 34817 49994 -3572 speed 125
2026/09/23 17:19:05 Received packet id 0xe7 with 21 bytes
2026/09/23 17:19:05 NPC  spawned at 36590 53269 -3572 heading 0
2026/09/23 17:19:05 Player temp24 appeared at 37930 49931 -3548 speed 125
2026/09/23 17:19:05 Received packet id 0xe7 with 21 bytes
2026/09/23 17:19:05 NPC  spawned at 37978 49698 -3548 heading 51938
2026/09/23 17:19:05 Player temp23 appeared at 38085 49308 -3548 speed 125
2026/09/23 17:19:05 Received packet id 0xe7 with 21 bytes
2026/09/23 17:19:05 NPC  spawned at 38719 52694 -3409 heading 5307
2026/09/23 17:19:05 NPC  spawned at 37855 52996 -3548 heading 0
2026/09/23 17:19:05 NPC  spawned at 38321 52632 -3548 heading 21990
2026/09/23 17:19:05 NPC  spawned at 38586 52809 -3409 heading 55163
2026/09/23 17:19:05 NPC  spawned at 38037 52441 -3543 heading 54529
2026/09/23 17:19:05 NPC  spawned at 37549 53308 -3409 heading 22993
2026/09/23 17:19:05 Received packet id 0xe7 with 21 bytes
2026/09/23 17:19:05 Received packet id 0x65 with 1 bytes
2026/09/23 17:19:05 Received packet id 0xda with 5 bytes
2026/09/23 17:19:05 User info: temp21 level 7 hp 173/214 mp 82/82 speed 125 x 15435
2026/09/23 17:19:05 Action failed
2026/09/23 17:19:05 Player temp21 appeared at 36000 51962 -3536 speed 125
2026/09/23 17:19:05 Player temp21 appeared at 36000 51962 -3536 speed 125
2026/09/23 17:19:05 Player temp21 appeared at 36000 51962 -3536 speed 125
2026/09/23 17:19:06 Received packet id 0x85 with 13 bytes
2026/09/23 17:19:06 Hunt: shot released on 268450386, hostile 268450386 holds 250 units, the retreat clicks at the windup end
2026/09/23 17:19:06 Hunt: level 7: resuming the cell Kaboo Orc Grunt SW-6 - the login landed on its ground
2026/09/23 17:19:06 Action failed
2026/09/23 17:19:06 Skill list with 1 skills
2026/09/23 17:19:06 Received packet id 0x85 with 13 bytes
2026/09/23 17:19:08 Hunt: hostile 268450386 closed to 164 units of the fight on 268450386, kiting clear (step 1 of 8)
2026/09/23 17:19:08 Hunt: hostile 268450386 holds 164 units at the walk end, the pursuit continues the retreat (step 2 of 8)
2026/09/23 17:19:08 Received packet id 0x85 with 13 bytes
2026/09/23 17:19:09 NPC  spawned at 35080 45772 -3644 heading 32920
2026/09/23 17:19:09 NPC  spawned at 35990 46263 -3699 heading 61862
2026/09/23 17:19:09 NPC  spawned at 36681 45770 -3644 heading 0
2026/09/23 17:19:09 NPC  spawned at 35279 46254 -3704 heading 32858
2026/09/23 17:19:09 NPC  spawned at 37120 47011 -3587 heading 43018
2026/09/23 17:19:09 NPC  spawned at 37598 45664 -3587 heading 54135
2026/09/23 17:19:09 NPC  spawned at 38667 45834 -3587 heading 26325
2026/09/23 17:19:09 NPC  spawned at 38696 46835 -3592 heading 0
2026/09/23 17:19:09 NPC  spawned at 38436 46242 -3592 heading 0
2026/09/23 17:19:09 Received init packet with session id 4b778109
2026/09/23 17:19:09 Sent auth login for account temp20
2026/09/23 17:19:09 Authenticated on login server
2026/09/23 17:19:09 Received server list with 1 servers
2026/09/23 17:19:09 Selected game server 2 at 127.0.0.1:7777
2026/09/23 17:19:09 Sent protocol version 419
2026/09/23 17:19:09 Game server 2 accepted the protocol
2026/09/23 17:19:09 Sent game auth login for account temp20
2026/09/23 17:19:09 Received character list with 1 characters
2026/09/23 17:19:09 Selected character temp20
2026/09/23 17:19:09 Sent enter world request
2026/09/23 17:19:09 User info: temp20 level 7 hp 166/214 mp 82/82 speed 125 x 15435
2026/09/23 17:19:09 Inventory listed with 12 items
2026/09/23 17:19:09 Received packet id 0x57 with 5 bytes
2026/09/23 17:19:09 Quest journal with 0 quests, 0 quest items
2026/09/23 17:19:09 Player temp20 appeared at 35639 50829 -3456 speed 125
2026/09/23 17:19:09 Player temp20 appeared at 35639 50829 -3456 speed 125
2026/09/23 17:19:09 Player temp20 appeared at 35639 50829 -3456 speed 125
2026/09/23 17:19:09 Player temp20 appeared at 35639 50829 -3456 speed 125
2026/09/23 17:19:09 NPC  spawned at 35647 50816 -3456 heading 22137
2026/09/23 17:19:09 Player temp22 appeared at 34817 49994 -3572 speed 125
2026/09/23 17:19:09 Received packet id 0xe7 with 21 bytes
2026/09/23 17:19:09 NPC  spawned at 33674 47178 -3639 heading 32280
2026/09/23 17:19:09 NPC  spawned at 34597 50774 -3572 heading 25349
2026/09/23 17:19:09 NPC  spawned at 34807 49986 -3572 heading 7037
2026/09/23 17:19:09 NPC  spawned at 34524 50935 -3567 heading 56152
2026/09/23 17:19:09 NPC  spawned at 34604 52202 -3567 heading 63439
2026/09/23 17:19:09 NPC  spawned at 33483 53226 -3590 heading 32949
2026/09/23 17:19:09 NPC  spawned at 34211 51397 -3567 heading 60715
2026/09/23 17:19:09 NPC  spawned at 33239 52086 -3567 heading 19997
2026/09/23 17:19:09 NPC  spawned at 36027 48080 -3639 heading 18442
2026/09/23 17:19:09 NPC  spawned at 35975 51876 -3536 heading 46222
2026/09/23 17:19:09 NPC  spawned at 36370 52378 -3520 heading 47819
2026/09/23 17:19:09 NPC  spawned at 35256 52299 -3567 heading 61937
2026/09/23 17:19:09 Player temp21 appeared at 35907 51639 -3536 speed 125
2026/09/23 17:19:09 Received packet id 0xe7 with 21 bytes
2026/09/23 17:19:09 NPC  spawned at 35429 52251 -3567 heading 24057
2026/09/23 17:19:09 NPC  spawned at 35464 52848 -3567 heading 26808
2026/09/23 17:19:09 NPC  spawned at 37454 48372 -3592 heading 0
2026/09/23 17:19:09 Player temp23 appeared at 37876 49148 -3548 speed 125
2026/09/23 17:19:09 Received packet id 0xe7 with 21 bytes
2026/09/23 17:19:09 Player temp24 appeared at 37930 49931 -3548 speed 125
2026/09/23 17:19:09 Received packet id 0xe7 with 21 bytes
2026/09/23 17:19:09 NPC  spawned at 37991 49671 -3548 heading 18794
2026/09/23 17:19:09 NPC  spawned at 38719 52694 -3409 heading 5307
2026/09/23 17:19:09 NPC  spawned at 37855 52996 -3548 heading 0
2026/09/23 17:19:09 NPC  spawned at 38321 52632 -3548 heading 21990
2026/09/23 17:19:09 NPC  spawned at 38586 52809 -3409 heading 55163
2026/09/23 17:19:09 NPC  spawned at 38129 52278 -3543 heading 54529
2026/09/23 17:19:09 Received packet id 0xe7 with 21 bytes
2026/09/23 17:19:09 Received packet id 0xe7 with 21 bytes
2026/09/23 17:19:09 Received packet id 0xe7 with 21 bytes
2026/09/23 17:19:09 Received packet id 0xe7 with 21 bytes
2026/09/23 17:19:09 Received packet id 0x65 with 1 bytes
2026/09/23 17:19:09 Received packet id 0xda with 5 bytes
2026/09/23 17:19:09 User info: temp20 level 7 hp 166/214 mp 82/82 speed 125 x 15435
2026/09/23 17:19:09 Action failed
2026/09/23 17:19:09 Player temp20 appeared at 35639 50829 -3456 speed 125
2026/09/23 17:19:09 Player temp20 appeared at 35639 50829 -3456 speed 125
2026/09/23 17:19:09 Player temp20 appeared at 35639 50829 -3456 speed 125
2026/09/23 17:19:09 Player temp20 appeared at 35639 50829 -3456 speed 125
2026/09/23 17:19:09 Received packet id 0x85 with 13 bytes
2026/09/23 17:19:10 Hunt: level 7: resuming the cell Kaboo Orc Grunt SW-5 - the login landed on its ground
2026/09/23 17:19:10 Action failed
2026/09/23 17:19:10 Skill list with 1 skills
2026/09/23 17:19:10 Hunt: dropping the target 268450362: the ground rotation owns the way
2026/09/23 17:19:10 Hunt: the fight crossed into Kaboo Orc Grunt SW-3 (was Kaboo Orc Grunt SW-5), following the ground
2026/09/23 17:19:10 Action failed
2026/09/23 17:19:11 Action failed
2026/09/23 17:19:11 Player temp23 appeared at 37782 49159 -3548 speed 125
2026/09/23 17:19:11 Received packet id 0xe7 with 21 bytes
2026/09/23 17:19:11 NPC  spawned at 35938 51748 -3536 heading 13524
2026/09/23 17:19:11 NPC  spawned at 36370 52378 -3520 heading 47819
2026/09/23 17:19:11 NPC  spawned at 35256 52299 -3567 heading 61937
2026/09/23 17:19:11 Player temp21 appeared at 35988 51925 -3536 speed 125
2026/09/23 17:19:11 Received packet id 0xe7 with 21 bytes
2026/09/23 17:19:11 NPC  spawned at 35429 52251 -3567 heading 58554
2026/09/23 17:19:11 NPC  spawned at 35464 52848 -3567 heading 26808
2026/09/23 17:19:11 NPC  spawned at 38719 52694 -3409 heading 5307
2026/09/23 17:19:11 NPC  spawned at 37855 52996 -3548 heading 0
2026/09/23 17:19:11 NPC  spawned at 38321 52632 -3548 heading 21990
2026/09/23 17:19:11 NPC  spawned at 38586 52809 -3409 heading 55163
2026/09/23 17:19:11 NPC  spawned at 38145 52251 -3543 heading 54529
2026/09/23 17:19:11 NPC  spawned at 39605 52100 -3409 heading 44496
2026/09/23 17:19:11 NPC  spawned at 39992 51202 -3548 heading 0
2026/09/23 17:19:11 NPC  spawned at 39673 52390 -3409 heading 58025
2026/09/23 17:19:11 NPC  spawned at 40023 51902 -3409 heading 26714
2026/09/23 17:19:11 Received packet id 0x85 with 13 bytes
2026/09/23 17:19:12 Received packet id 0x85 with 13 bytes
2026/09/23 17:19:14 NPC  spawned at 34807 49986 -3572 heading 7037
2026/09/23 17:19:14 Received packet id 0x0b with 29 bytes
2026/09/23 17:19:14 NPC  spawned at 34807 49986 -3572 heading 7037
2026/09/23 17:19:14 NPC  spawned at 34807 49986 -3572 heading 7037
2026/09/23 17:19:14 User info: temp22 level 7 hp 161/214 mp 81/82 speed 125 x 15381
2026/09/23 17:19:14 NPC  spawned at 34807 49986 -3572 heading 7037
2026/09/23 17:19:14 Received packet id 0x0b with 29 bytes
2026/09/23 17:19:14 NPC  spawned at 34807 49986 -3572 heading 7037
2026/09/23 17:19:14 NPC  spawned at 34807 49986 -3572 heading 7037
2026/09/23 17:19:14 NPC  spawned at 34807 49986 -3572 heading 7037
2026/09/23 17:19:14 Received packet id 0x0b with 29 bytes
2026/09/23 17:19:14 NPC  spawned at 34807 49986 -3572 heading 7037
2026/09/23 17:19:14 NPC  spawned at 34807 49986 -3572 heading 7037
2026/09/23 17:19:14 Received packet id 0x85 with 13 bytes
2026/09/23 17:19:14 Hunt: target 268450362 died, looting
2026/09/23 17:19:14 Action failed
2026/09/23 17:19:14 Hunt: shot released on 268450386, hostile 268450386 holds 395 units, the retreat clicks at the windup end
2026/09/23 17:19:14 Received packet id 0x85 with 13 bytes
2026/09/23 17:19:14 Action failed
2026/09/23 17:19:15 Inventory listed with 13 items
2026/09/23 17:19:16 Hunt: the windup on 268450386 ended (hostile 268450386 at 395 units), kiting the reload tail
2026/09/23 17:19:16 NPC  spawned at 35650 52075 -3567 heading 58554
2026/09/23 17:19:16 NPC  spawned at 35650 52075 -3567 heading 58554
2026/09/23 17:19:16 NPC  spawned at 35650 52075 -3567 heading 58554
2026/09/23 17:19:16 NPC  spawned at 35650 52075 -3567 heading 58554
2026/09/23 17:19:16 NPC  spawned at 35650 52075 -3567 heading 58554
2026/09/23 17:19:17 Hunt: 2 mobs piled on us, running 600 units from the aggro point before the logout
2026/09/23 17:19:17 Hunt: hostile 268450386 holds 395 units at the walk end, the pursuit continues the retreat (step 3 of 8)
2026/09/23 17:19:17 Received packet id 0x85 with 13 bytes
2026/09/23 17:19:19 NPC  spawned at 37933 49919 -3548 heading 18939
2026/09/23 17:19:19 Received packet id 0x0b with 29 bytes
2026/09/23 17:19:19 NPC  spawned at 37933 49919 -3548 heading 18939
2026/09/23 17:19:19 NPC  spawned at 37933 49919 -3548 heading 18939
2026/09/23 17:19:19 NPC  spawned at 37933 49919 -3548 heading 18939
2026/09/23 17:19:19 Received packet id 0x0b with 29 bytes
2026/09/23 17:19:19 NPC  spawned at 37933 49919 -3548 heading 18939
2026/09/23 17:19:19 NPC  spawned at 37933 49919 -3548 heading 18939
2026/09/23 17:19:19 User info: temp23 level 7 hp 214/214 mp 82/82 speed 125 x 15411
2026/09/23 17:19:19 NPC  spawned at 37933 49919 -3548 heading 18939
2026/09/23 17:19:19 Received packet id 0x0b with 29 bytes
2026/09/23 17:19:19 NPC  spawned at 37933 49919 -3548 heading 18939
2026/09/23 17:19:19 NPC  spawned at 37933 49919 -3548 heading 18939
2026/09/23 17:19:19 User info: temp24 level 7 hp 200/214 mp 82/82 speed 125 x 15381
2026/09/23 17:19:19 NPC  spawned at 37933 49919 -3548 heading 18939
2026/09/23 17:19:19 Received packet id 0x0b with 29 bytes
2026/09/23 17:19:19 NPC  spawned at 37933 49919 -3548 heading 18939
2026/09/23 17:19:19 NPC  spawned at 37933 49919 -3548 heading 18939
2026/09/23 17:19:19 NPC  spawned at 37933 49919 -3548 heading 18939
2026/09/23 17:19:19 Received packet id 0x0b with 29 bytes
2026/09/23 17:19:19 NPC  spawned at 37933 49919 -3548 heading 18939
2026/09/23 17:19:19 NPC  spawned at 37933 49919 -3548 heading 18939
2026/09/23 17:19:19 Hunt: target 268450386 died, looting
2026/09/23 17:19:19 Action failed
2026/09/23 17:19:19 Hunt: target 268450386 died, looting
2026/09/23 17:19:20 Inventory listed with 13 items
2026/09/23 17:19:21 NPC  spawned at 31514 47689 -3665 heading 19853
2026/09/23 17:19:21 NPC  spawned at 30879 48695 -3665 heading 6588
2026/09/23 17:19:21 NPC  spawned at 32188 50321 -3670 heading 40370
2026/09/23 17:19:21 NPC  spawned at 31002 50225 -3665 heading 3604
2026/09/23 17:19:21 NPC  spawned at 31753 51532 -3670 heading 0
2026/09/23 17:19:23 NPC  spawned at 31464 47831 -3665 heading 19853
2026/09/23 17:19:23 NPC  spawned at 30879 48695 -3665 heading 6588
2026/09/23 17:19:23 NPC  spawned at 32188 50321 -3670 heading 40370
2026/09/23 17:19:23 NPC  spawned at 31002 50225 -3665 heading 3604
2026/09/23 17:19:23 NPC  spawned at 31753 51532 -3670 heading 0
2026/09/23 17:19:24 Hunt: the fight crossed into Kaboo Orc Grunt SW-4 (was Kaboo Orc Grunt SW-3), following the ground
2026/09/23 17:19:25 User info: temp21 level 7 hp 63/214 mp 82/82 speed 125 x 15435
2026/09/23 17:19:26 User info: temp21 level 7 hp 65/214 mp 82/82 speed 125 x 15435
2026/09/23 17:19:27 NPC  spawned at 32406 46344 -3670 heading 58688
2026/09/23 17:19:27 NPC  spawned at 30802 46472 -3670 heading 0
2026/09/23 17:19:27 NPC  spawned at 33025 46097 -3639 heading 23285
2026/09/23 17:19:27 NPC  spawned at 33966 46946 -3639 heading 58533
2026/09/23 17:19:27 NPC  spawned at 34265 46383 -3639 heading 57776
2026/09/23 17:19:27 NPC  spawned at 35281 45787 -3644 heading 776
2026/09/23 17:19:27 NPC  spawned at 35990 46263 -3699 heading 61862
2026/09/23 17:19:27 NPC  spawned at 36681 45770 -3644 heading 0
2026/09/23 17:19:27 NPC  spawned at 35053 46508 -3704 heading 23968
2026/09/23 17:19:27 Player temp20 appeared at 34347 49201 -3456 speed 125
2026/09/23 17:19:27 Received packet id 0xe7 with 21 bytes
2026/09/23 17:19:27 NPC  spawned at 31753 51532 -3670 heading 0
2026/09/23 17:19:27 NPC  spawned at 34604 52202 -3567 heading 63439
2026/09/23 17:19:27 NPC  spawned at 33488 53195 -3590 heading 50819
2026/09/23 17:19:27 NPC  spawned at 34256 51381 -3567 heading 62144
2026/09/23 17:19:27 NPC  spawned at 33239 52086 -3567 heading 19997
2026/09/23 17:19:27 NPC  spawned at 36007 51995 -3536 heading 52507
2026/09/23 17:19:27 NPC  spawned at 36370 52378 -3520 heading 47819
2026/09/23 17:19:27 NPC  spawned at 35244 52422 -3567 heading 17398
2026/09/23 17:19:27 Player temp21 appeared at 36022 52030 -3536 speed 125
2026/09/23 17:19:27 Received packet id 0xe7 with 21 bytes
2026/09/23 17:19:27 NPC  spawned at 36007 51995 -3536 heading 46596
2026/09/23 17:19:27 NPC  spawned at 35464 52848 -3567 heading 26808
2026/09/23 17:19:28 Action failed
2026/09/23 17:19:29 Action failed
2026/09/23 17:19:29 Hunt: dropping the target 268450389: the ground rotation owns the way
2026/09/23 17:19:29 Hunt: the fight crossed into Green Dryad SW-8 (was Green Dryad SW-5), following the ground
2026/09/23 17:19:29 Hunt: Kaboo Orc Fighter stalks the fight 433 units out, stepping clear
2026/09/23 17:19:29 Action failed
2026/09/23 17:19:29 Action failed
2026/09/23 17:19:29 Hunt: dropping the target 268450389: the ground rotation owns the way
2026/09/23 17:19:29 Hunt: the fight crossed into Green Dryad SW-8 (was Green Dryad SW-5), following the ground
2026/09/23 17:19:29 Action failed
2026/09/23 17:19:29 NPC  spawned at 34385 51338 -3567 heading 62144
2026/09/23 17:19:29 NPC  spawned at 34385 51338 -3567 heading 62144
2026/09/23 17:19:29 NPC  spawned at 34385 51338 -3567 heading 62144
2026/09/23 17:19:30 Hunt: death at the cell Kaboo Orc Grunt SW-6 (heat 1.0)
2026/09/23 17:19:30 Hunt: dropping the target 0: the ground rotation owns the way
2026/09/23 17:19:30 Hunt: regressing from Kaboo Orc Grunt SW-6 to Kaboo Orc Grunt SW-5 after the death
2026/09/23 17:19:30 Hunt: 2 mobs piled on us, emergency logout for 2s
2026/09/23 17:19:30 NPC  spawned at 37588 53247 -3409 heading 55552
2026/09/23 17:19:30 NPC  spawned at 37588 53247 -3409 heading 55552
2026/09/23 17:19:30 NPC  spawned at 37454 48372 -3592 heading 0
2026/09/23 17:19:30 Player temp24 appeared at 38445 49538 -3528 speed 125
2026/09/23 17:19:30 Received packet id 0xe7 with 21 bytes
2026/09/23 17:19:30 Player temp23 appeared at 38433 49546 -3528 speed 125
2026/09/23 17:19:30 Received packet id 0xe7 with 21 bytes
2026/09/23 17:19:30 NPC  spawned at 38429 52688 -3409 heading 32983
2026/09/23 17:19:30 NPC  spawned at 37855 52996 -3548 heading 0
2026/09/23 17:19:30 NPC  spawned at 38321 52632 -3548 heading 21990
2026/09/23 17:19:30 NPC  spawned at 38586 52809 -3409 heading 55163
2026/09/23 17:19:30 NPC  spawned at 37590 53244 -3409 heading 55552
2026/09/23 17:19:30 NPC  spawned at 37976 52450 -3543 heading 19843
2026/09/23 17:19:30 Player temp22 appeared at 34826 51107 -3552 speed 125
2026/09/23 17:19:30 Received packet id 0xe7 with 21 bytes
2026/09/23 17:19:30 Player temp22 appeared at 34826 51107 -3552 speed 125
2026/09/23 17:19:30 Received packet id 0xe7 with 21 bytes
2026/09/23 17:19:30 Action failed
2026/09/23 17:19:30 Action failed
2026/09/23 17:19:32 Hunt: fleeing for 21s without shaking the chase, resetting the aggro via logout
2026/09/23 17:19:32 Hunt: death at the cell Kaboo Orc Grunt SW-3 (heat 1.0)
2026/09/23 17:19:32 Hunt: regressing from Kaboo Orc Grunt SW-3 to Gray Wolf SW-2 after the death
2026/09/23 17:19:32 Hunt: HP 71% under attack, emergency logout for 2s
2026/09/23 17:19:33 NPC  spawned at 31449 47878 -3665 heading 19853
2026/09/23 17:19:33 NPC  spawned at 30879 48695 -3665 heading 6588
2026/09/23 17:19:33 NPC  spawned at 32188 50321 -3670 heading 40370
2026/09/23 17:19:33 NPC  spawned at 31002 50225 -3665 heading 3604
2026/09/23 17:19:33 NPC  spawned at 31753 51532 -3670 heading 0
2026/09/23 17:19:34 Received init packet with session id f7d6dd0d
2026/09/23 17:19:34 Sent auth login for account temp21
2026/09/23 17:19:34 Authenticated on login server
2026/09/23 17:19:34 Received server list with 1 servers
2026/09/23 17:19:34 Selected game server 2 at 127.0.0.1:7777
2026/09/23 17:19:34 Sent protocol version 419
2026/09/23 17:19:34 Game server 2 accepted the protocol
2026/09/23 17:19:34 Sent game auth login for account temp21
2026/09/23 17:19:34 Received character list with 1 characters
2026/09/23 17:19:34 Selected character temp21
2026/09/23 17:19:34 Sent enter world request
2026/09/23 17:19:34 User info: temp21 level 7 hp 11/214 mp 82/82 speed 125 x 15435
2026/09/23 17:19:34 Inventory listed with 12 items
2026/09/23 17:19:34 Received packet id 0x57 with 5 bytes
2026/09/23 17:19:34 Player temp21 appeared at 35860 51310 -3536 speed 125
2026/09/23 17:19:34 Received packet id 0xe7 with 21 bytes
2026/09/23 17:19:34 Player temp21 appeared at 35860 51310 -3536 speed 125
2026/09/23 17:19:34 Received packet id 0xe7 with 21 bytes
2026/09/23 17:19:34 Quest journal with 0 quests, 0 quest items
2026/09/23 17:19:34 NPC  spawned at 35925 51620 -3536 heading 46947
2026/09/23 17:19:34 NPC  spawned at 36370 52378 -3520 heading 47819
2026/09/23 17:19:34 NPC  spawned at 35244 52422 -3567 heading 17398
2026/09/23 17:19:34 NPC  spawned at 35920 51577 -3524 heading 46786
2026/09/23 17:19:34 NPC  spawned at 35464 52848 -3567 heading 26808
2026/09/23 17:19:34 NPC  spawned at 34323 50603 -3572 heading 38587
2026/09/23 17:19:34 NPC  spawned at 34703 49555 -3456 heading 7497
2026/09/23 17:19:34 Player temp22 appeared at 34780 51044 -3552 speed 125
2026/09/23 17:19:34 Received packet id 0xe7 with 21 bytes
2026/09/23 17:19:34 Player temp20 appeared at 34810 49647 -3456 speed 125
2026/09/23 17:19:34 Received packet id 0xe7 with 21 bytes
2026/09/23 17:19:34 NPC  spawned at 34812 51067 -3552 heading 39268
2026/09/23 17:19:34 NPC  spawned at 34785 50758 -3567 heading 58781
2026/09/23 17:19:34 NPC  spawned at 34604 52202 -3567 heading 63439
2026/09/23 17:19:34 NPC  spawned at 33488 53195 -3590 heading 50819
2026/09/23 17:19:34 NPC  spawned at 33239 52086 -3567 heading 19997
2026/09/23 17:19:34 NPC  spawned at 33827 54709 -3590 heading 15521
2026/09/23 17:19:34 NPC  spawned at 33143 54479 -3585 heading 4530
2026/09/23 17:19:34 NPC  spawned at 33637 53900 -3585 heading 30778
2026/09/23 17:19:34 NPC  spawned at 32990 54829 -3590 heading 57590
2026/09/23 17:19:34 NPC  spawned at 36590 53269 -3572 heading 0
2026/09/23 17:19:34 Player temp24 appeared at 38875 49228 -3528 speed 125
2026/09/23 17:19:34 Received packet id 0xe7 with 21 bytes
2026/09/23 17:19:34 Player temp23 appeared at 38862 49236 -3528 speed 125
2026/09/23 17:19:34 Received packet id 0xe7 with 21 bytes
2026/09/23 17:19:34 NPC  spawned at 38429 52688 -3409 heading 32983
2026/09/23 17:19:34 NPC  spawned at 37855 52996 -3548 heading 0
2026/09/23 17:19:34 NPC  spawned at 38321 52632 -3548 heading 21990
2026/09/23 17:19:34 NPC  spawned at 38615 52793 -3409 heading 60455
2026/09/23 17:19:34 NPC  spawned at 37633 53184 -3409 heading 55552
2026/09/23 17:19:34 NPC  spawned at 37976 52450 -3543 heading 19843
2026/09/23 17:19:34 Player temp21 appeared at 35860 51310 -3536 speed 125
2026/09/23 17:19:34 Received packet id 0xe7 with 21 bytes
2026/09/23 17:19:34 Received packet id 0x65 with 1 bytes
2026/09/23 17:19:34 Received packet id 0xda with 5 bytes
2026/09/23 17:19:34 User info: temp21 level 7 hp 11/214 mp 82/82 speed 125 x 15435
2026/09/23 17:19:34 Action failed
2026/09/23 17:19:34 Player temp20 appeared at 34821 49656 -3456 speed 125
2026/09/23 17:19:34 Received packet id 0xe7 with 21 bytes
2026/09/23 17:19:34 Player temp20 appeared at 34821 49656 -3456 speed 125
2026/09/23 17:19:34 Received packet id 0xe7 with 21 bytes
2026/09/23 17:19:34 Player temp21 appeared at 35860 51310 -3536 speed 125
2026/09/23 17:19:34 Player temp21 appeared at 35860 51310 -3536 speed 125
2026/09/23 17:19:34 Player temp21 appeared at 35860 51310 -3536 speed 125
2026/09/23 17:19:34 NPC  spawned at 42978 49115 -2992 heading 0
2026/09/23 17:19:34 NPC  spawned at 42812 51138 -2992 heading 16384
2026/09/23 17:19:34 NPC  spawned at 42700 50057 -2984 heading 14500
2026/09/23 17:19:34 NPC  spawned at 42766 50037 -2984 heading 11500
2026/09/23 17:19:34 NPC  spawned at 42971 51372 -2992 heading 32768
2026/09/23 17:19:34 Hunt: level 7: resuming the cell Kaboo Orc Grunt SW-6 - the login landed on its ground
2026/09/23 17:19:34 Hunt: HP 5% below 60%, sitting down to regenerate
2026/09/23 17:19:34 Skill list with 1 skills
2026/09/23 17:19:34 NPC  spawned at 42978 49115 -2992 heading 0
2026/09/23 17:19:34 NPC  spawned at 42812 51138 -2992 heading 16384
2026/09/23 17:19:34 NPC  spawned at 42700 50057 -2984 heading 14500
2026/09/23 17:19:34 NPC  spawned at 42766 50037 -2984 heading 11500
2026/09/23 17:19:34 NPC  spawned at 42971 51372 -2992 heading 32768
2026/09/23 17:19:34 NPC  spawned at 37120 47011 -3587 heading 43018
2026/09/23 17:19:34 NPC  spawned at 37598 45664 -3587 heading 54135
2026/09/23 17:19:34 NPC  spawned at 38805 45866 -3587 heading 64227
2026/09/23 17:19:34 NPC  spawned at 38696 46835 -3592 heading 0
2026/09/23 17:19:34 NPC  spawned at 38436 46242 -3592 heading 0
2026/09/23 17:19:35 NPC  spawned at 37120 47011 -3587 heading 43018
2026/09/23 17:19:35 NPC  spawned at 37598 45664 -3587 heading 54135
2026/09/23 17:19:35 NPC  spawned at 38805 45866 -3587 heading 64227
2026/09/23 17:19:35 NPC  spawned at 38696 46835 -3592 heading 0
2026/09/23 17:19:35 NPC  spawned at 38436 46242 -3592 heading 0
2026/09/23 17:19:35 Received packet id 0x85 with 13 bytes
2026/09/23 17:19:35 Received packet id 0x85 with 13 bytes
2026/09/23 17:19:36 NPC  spawned at 39412 48845 -3543 heading 20849
2026/09/23 17:19:36 NPC  spawned at 39412 48845 -3543 heading 20849
2026/09/23 17:19:37 NPC  spawned at 36058 51432 -3572 heading 0
2026/09/23 17:19:37 NPC  spawned at 36058 51432 -3572 heading 0
2026/09/23 17:19:37 NPC  spawned at 36058 51432 -3572 heading 0
2026/09/23 17:19:37 NPC  spawned at 36058 51432 -3572 heading 0
2026/09/23 17:19:37 NPC  spawned at 36058 51432 -3572 heading 0
2026/09/23 17:19:37 NPC  spawned at 36058 51432 -3572 heading 0
2026/09/23 17:19:38 Received packet id 0x85 with 13 bytes
2026/09/23 17:19:38 Received packet id 0x85 with 13 bytes
2026/09/23 17:19:38 Hunt: shot released on 268450389, hostile 268450389 holds 350 units, the retreat clicks at the windup end
2026/09/23 17:19:38 Hunt: shot released on 268450389, hostile 268450389 holds 349 units, the retreat clicks at the windup end
2026/09/23 17:19:39 Hunt: the windup on 268450389 ended (hostile 268450389 at 224 units), kiting the reload tail
2026/09/23 17:19:40 Hunt: the chasers surround the bow fight on target 268450389, holding ground and shooting through the train
2026/09/23 17:19:40 Received init packet with session id 34f6e56b
2026/09/23 17:19:40 Sent auth login for account temp20
2026/09/23 17:19:40 Authenticated on login server
2026/09/23 17:19:40 Received server list with 1 servers
2026/09/23 17:19:40 Selected game server 2 at 127.0.0.1:7777
2026/09/23 17:19:40 Sent protocol version 419
2026/09/23 17:19:40 Game server 2 accepted the protocol
2026/09/23 17:19:40 Sent game auth login for account temp20
2026/09/23 17:19:40 Received character list with 1 characters
2026/09/23 17:19:40 Selected character temp20
2026/09/23 17:19:40 Sent enter world request
2026/09/23 17:19:40 User info: temp20 level 7 hp 144/214 mp 82/82 speed 125 x 15435
2026/09/23 17:19:40 Inventory listed with 12 items
2026/09/23 17:19:40 Received packet id 0x57 with 5 bytes
2026/09/23 17:19:40 Quest journal with 0 quests, 0 quest items
2026/09/23 17:19:40 Player temp20 appeared at 35099 49892 -3456 speed 125
2026/09/23 17:19:40 Player temp20 appeared at 35099 49892 -3456 speed 125
2026/09/23 17:19:40 Received packet id 0xe7 with 21 bytes
2026/09/23 17:19:40 Received packet id 0xe7 with 21 bytes
2026/09/23 17:19:40 NPC  spawned at 35088 49882 -3456 heading 7695
2026/09/23 17:19:40 NPC  spawned at 34929 50650 -3567 heading 58781
2026/09/23 17:19:40 NPC  spawned at 34323 50603 -3572 heading 38587
2026/09/23 17:19:40 Player temp22 appeared at 34642 51068 -3552 speed 125
2026/09/23 17:19:40 Received packet id 0xe7 with 21 bytes
2026/09/23 17:19:40 NPC  spawned at 34486 51098 -3552 heading 63334
2026/09/23 17:19:40 NPC  spawned at 34604 52202 -3567 heading 63439
2026/09/23 17:19:40 NPC  spawned at 33488 53195 -3590 heading 50819
2026/09/23 17:19:40 NPC  spawned at 33239 52086 -3567 heading 19997
2026/09/23 17:19:40 NPC  spawned at 36027 48080 -3639 heading 18442
2026/09/23 17:19:40 NPC  spawned at 35925 51620 -3536 heading 46947
2026/09/23 17:19:40 NPC  spawned at 36370 52378 -3520 heading 47819
2026/09/23 17:19:40 NPC  spawned at 35244 52422 -3567 heading 17398
2026/09/23 17:19:40 NPC  spawned at 35920 51577 -3524 heading 46786
2026/09/23 17:19:40 NPC  spawned at 36058 51432 -3572 heading 0
2026/09/23 17:19:40 NPC  spawned at 35464 52848 -3567 heading 26808
2026/09/23 17:19:40 Player temp21 appeared at 35860 51310 -3536 speed 125
2026/09/23 17:19:40 Received packet id 0xe7 with 21 bytes
2026/09/23 17:19:40 NPC  spawned at 37454 48372 -3592 heading 0
2026/09/23 17:19:40 NPC  spawned at 38429 52688 -3409 heading 32983
2026/09/23 17:19:40 NPC  spawned at 37855 52996 -3548 heading 0
2026/09/23 17:19:40 NPC  spawned at 38321 52632 -3548 heading 21990
2026/09/23 17:19:40 NPC  spawned at 38662 52691 -3409 heading 41182
2026/09/23 17:19:40 NPC  spawned at 37633 53184 -3409 heading 55552
2026/09/23 17:19:40 NPC  spawned at 37976 52450 -3543 heading 19843
2026/09/23 17:19:40 Received packet id 0x65 with 1 bytes
2026/09/23 17:19:40 Received packet id 0xda with 5 bytes
2026/09/23 17:19:40 User info: temp20 level 7 hp 144/214 mp 82/82 speed 125 x 15435
2026/09/23 17:19:40 Action failed
2026/09/23 17:19:40 Player temp20 appeared at 35099 49892 -3456 speed 125
2026/09/23 17:19:40 Player temp20 appeared at 35099 49892 -3456 speed 125
2026/09/23 17:19:40 Hunt: level 7: resuming the cell Kaboo Orc Grunt SW-3 - the login landed on its ground
2026/09/23 17:19:40 Action failed
2026/09/23 17:19:40 Player temp24 appeared at 38900 49109 -3543 speed 125
2026/09/23 17:19:40 Received packet id 0xe7 with 21 bytes
2026/09/23 17:19:40 NPC  spawned at 35281 45787 -3644 heading 776
2026/09/23 17:19:40 NPC  spawned at 35982 46450 -3699 heading 16829
2026/09/23 17:19:40 NPC  spawned at 36681 45770 -3644 heading 0
2026/09/23 17:19:40 NPC  spawned at 35053 46508 -3704 heading 23968
2026/09/23 17:19:40 NPC  spawned at 36027 48080 -3639 heading 18442
2026/09/23 17:19:40 NPC  spawned at 35088 49882 -3456 heading 7695
2026/09/23 17:19:40 Player temp20 appeared at 35099 49892 -3456 speed 125
2026/09/23 17:19:40 Received packet id 0xe7 with 21 bytes
2026/09/23 17:19:40 NPC  spawned at 34929 50650 -3567 heading 58781
2026/09/23 17:19:40 Skill list with 1 skills
2026/09/23 17:19:40 Hunt: dropping the target 268450364: the ground rotation owns the way
2026/09/23 17:19:40 Hunt: the fight crossed into Kaboo Orc Grunt SW-4 (was Kaboo Orc Grunt SW-3), following the ground
2026/09/23 17:19:40 Action failed
2026/09/23 17:19:41 Received packet id 0x85 with 13 bytes
2026/09/23 17:19:41 Hunt: hostile 268450389 holds 14 units at the walk end, the pursuit continues the retreat (step 1 of 8)
2026/09/23 17:19:41 Player temp22 appeared at 34827 51027 -3552 speed 125
2026/09/23 17:19:41 Player temp24 appeared at 38789 49076 -3543 speed 125
2026/09/23 17:19:41 Received packet id 0xe7 with 21 bytes
2026/09/23 17:19:41 NPC  spawned at 37454 48372 -3592 heading 0
2026/09/23 17:19:41 NPC  spawned at 38429 52688 -3409 heading 32983
2026/09/23 17:19:41 NPC  spawned at 37855 52996 -3548 heading 0
2026/09/23 17:19:41 NPC  spawned at 38321 52632 -3548 heading 21990
2026/09/23 17:19:41 NPC  spawned at 38639 52667 -3409 heading 41182
2026/09/23 17:19:41 NPC  spawned at 37633 53184 -3409 heading 55552
2026/09/23 17:19:41 NPC  spawned at 37976 52450 -3543 heading 19843
2026/09/23 17:19:41 Received packet id 0xe7 with 21 bytes
2026/09/23 17:19:42 NPC  spawned at 31689 47797 -3665 heading 62140
2026/09/23 17:19:42 NPC  spawned at 30879 48695 -3665 heading 6588
2026/09/23 17:19:42 NPC  spawned at 32188 50321 -3670 heading 40370
2026/09/23 17:19:42 NPC  spawned at 31002 50225 -3665 heading 3604
2026/09/23 17:19:42 NPC  spawned at 31753 51532 -3670 heading 0
2026/09/23 17:19:42 NPC  spawned at 37336 52353 -3548 heading 0
2026/09/23 17:19:42 NPC  spawned at 37336 52353 -3548 heading 0
2026/09/23 17:19:42 NPC  spawned at 37336 52353 -3548 heading 0
2026/09/23 17:19:42 NPC  spawned at 37336 52353 -3548 heading 0
2026/09/23 17:19:42 NPC  spawned at 37336 52353 -3548 heading 0
2026/09/23 17:19:42 NPC  spawned at 37336 52353 -3548 heading 0
2026/09/23 17:19:43 Hunt: hostile 268450389 closed to 13 units of the fight on 268450389, kiting clear (step 1 of 8)
2026/09/23 17:19:43 NPC  spawned at 35281 45787 -3644 heading 776
2026/09/23 17:19:43 NPC  spawned at 35982 46450 -3699 heading 16829
2026/09/23 17:19:43 NPC  spawned at 36681 45770 -3644 heading 0
2026/09/23 17:19:43 NPC  spawned at 35053 46508 -3704 heading 23968
2026/09/23 17:19:43 NPC  spawned at 36027 48080 -3639 heading 18442
2026/09/23 17:19:43 Player temp23 appeared at 38899 49113 -3543 speed 125
2026/09/23 17:19:43 Received packet id 0xe7 with 21 bytes
2026/09/23 17:19:43 NPC  spawned at 35041 49990 -3456 heading 20683
2026/09/23 17:19:43 Player temp20 appeared at 34935 50217 -3456 speed 125
2026/09/23 17:19:43 Received packet id 0xe7 with 21 bytes
2026/09/23 17:19:43 NPC  spawned at 34929 50650 -3567 heading 58781
2026/09/23 17:19:44 Hunt: hostile 268450389 holds 405 units at the walk end, the pursuit continues the retreat (step 2 of 8)
2026/09/23 17:19:44 Hunt: hostile 268450389 holds 142 units at the walk end, the pursuit continues the retreat (step 2 of 8)
2026/09/23 17:19:44 NPC  spawned at 38911 49112 -3543 heading 33281
2026/09/23 17:19:45 NPC  spawned at 31689 47797 -3665 heading 62140
2026/09/23 17:19:45 NPC  spawned at 30879 48695 -3665 heading 6588
2026/09/23 17:19:45 NPC  spawned at 32188 50321 -3670 heading 40370
2026/09/23 17:19:45 NPC  spawned at 31002 50225 -3665 heading 3604
2026/09/23 17:19:45 NPC  spawned at 31753 51532 -3670 heading 0
2026/09/23 17:19:47 Hunt: hostile 268450389 holds 307 units at the walk end, the pursuit continues the retreat (step 3 of 8)
2026/09/23 17:19:47 Hunt: hostile 268450389 holds 118 units at the walk end, the pursuit continues the retreat (step 3 of 8)
2026/09/23 17:19:48 NPC  spawned at 33827 54709 -3590 heading 15521
2026/09/23 17:19:48 NPC  spawned at 33143 54479 -3585 heading 4530
2026/09/23 17:19:48 NPC  spawned at 33482 53386 -3590 heading 16711
2026/09/23 17:19:48 NPC  spawned at 33793 53753 -3585 heading 57653
2026/09/23 17:19:48 NPC  spawned at 33075 54958 -3590 heading 10307
2026/09/23 17:19:48 NPC  spawned at 36590 53269 -3572 heading 0
2026/09/23 17:19:48 NPC  spawned at 42978 49115 -2992 heading 0
2026/09/23 17:19:48 NPC  spawned at 42812 51138 -2992 heading 16384
2026/09/23 17:19:48 NPC  spawned at 42700 50057 -2984 heading 14500
2026/09/23 17:19:48 NPC  spawned at 42766 50037 -2984 heading 11500
2026/09/23 17:19:49 NPC  spawned at 31689 47797 -3665 heading 62140
2026/09/23 17:19:49 NPC  spawned at 30879 48695 -3665 heading 6588
2026/09/23 17:19:49 NPC  spawned at 36027 48080 -3639 heading 18442
2026/09/23 17:19:49 NPC  spawned at 42978 49115 -2992 heading 0
2026/09/23 17:19:49 NPC  spawned at 42812 51138 -2992 heading 16384
2026/09/23 17:19:49 NPC  spawned at 42700 50057 -2984 heading 14500
2026/09/23 17:19:49 NPC  spawned at 42766 50037 -2984 heading 11500
2026/09/23 17:19:50 Hunt: the chasers surround the bow fight on target 268450389, holding ground and shooting through the train
2026/09/23 17:19:50 Received packet id 0x85 with 13 bytes
2026/09/23 17:19:50 Hunt: hostile 268450389 holds 15 units at the walk end, the pursuit continues the retreat (step 4 of 8)
2026/09/23 17:19:51 Hunt: HP 57%, fleeing the fight with 268450366
2026/09/23 17:19:51 NPC  spawned at 33827 54709 -3590 heading 15521
2026/09/23 17:19:51 NPC  spawned at 33143 54479 -3585 heading 4530
2026/09/23 17:19:51 NPC  spawned at 33482 53386 -3590 heading 16711
2026/09/23 17:19:51 NPC  spawned at 33793 53753 -3585 heading 57653
2026/09/23 17:19:51 NPC  spawned at 33075 54958 -3590 heading 10307
2026/09/23 17:19:51 NPC  spawned at 36590 53269 -3572 heading 0
2026/09/23 17:19:52 NPC  spawned at 31689 47797 -3665 heading 62140
2026/09/23 17:19:52 NPC  spawned at 30879 48695 -3665 heading 6588
2026/09/23 17:19:52 NPC  spawned at 36027 48080 -3639 heading 18442
2026/09/23 17:19:53 Received packet id 0x85 with 13 bytes
2026/09/23 17:19:53 Hunt: fleeing for 21s without shaking the chase, resetting the aggro via logout
2026/09/23 17:19:53 Hunt: death at the cell Kaboo Orc Grunt SW-4 (heat 1.0)
2026/09/23 17:19:53 Hunt: dropping the target 0: the ground rotation owns the way
2026/09/23 17:19:53 Hunt: regressing from Kaboo Orc Grunt SW-4 to Gray Wolf W-2 after the death
2026/09/23 17:19:53 Hunt: HP 58% under attack, emergency logout for 2s
2026/09/23 17:19:53 Hunt: no walkable retreat lane on target 268450389 (cornered), holding ground and shooting the bow
2026/09/23 17:19:53 Received packet id 0x85 with 13 bytes
2026/09/23 17:19:53 Action failed
2026/09/23 17:19:53 Hunt: shot released on 268450389, hostile 268450389 holds 375 units, the retreat clicks at the windup end
2026/09/23 17:19:54 User info: temp24 level 7 hp 214/214 mp 81/82 speed 125 x 15357
2026/09/23 17:19:54 NPC  spawned at 39386 48772 -3543 heading 7201
2026/09/23 17:19:54 Received packet id 0x0b with 29 bytes
2026/09/23 17:19:54 NPC  spawned at 39386 48772 -3543 heading 7201
2026/09/23 17:19:54 NPC  spawned at 39386 48772 -3543 heading 7201
2026/09/23 17:19:54 User info: temp23 level 7 hp 193/214 mp 81/82 speed 125 x 15387
2026/09/23 17:19:54 NPC  spawned at 39386 48772 -3543 heading 7201
2026/09/23 17:19:54 Received packet id 0x0b with 29 bytes
2026/09/23 17:19:54 NPC  spawned at 39386 48772 -3543 heading 7201
2026/09/23 17:19:54 NPC  spawned at 39386 48772 -3543 heading 7201
2026/09/23 17:19:54 Action failed
2026/09/23 17:19:54 Hunt: target 268450389 died, looting
2026/09/23 17:19:54 Hunt: target 268450389 died, looting
2026/09/23 17:19:55 Action failed
2026/09/23 17:19:55 Received init packet with session id f1c8a3eb
2026/09/23 17:19:55 Sent auth login for account temp22
2026/09/23 17:19:55 Authenticated on login server
2026/09/23 17:19:55 Received server list with 1 servers
2026/09/23 17:19:55 Selected game server 2 at 127.0.0.1:7777
2026/09/23 17:19:55 Sent protocol version 419
2026/09/23 17:19:55 Game server 2 accepted the protocol
2026/09/23 17:19:55 Sent game auth login for account temp22
2026/09/23 17:19:55 Received character list with 1 characters
2026/09/23 17:19:55 Selected character temp22
2026/09/23 17:19:55 Sent enter world request
2026/09/23 17:19:55 User info: temp22 level 7 hp 112/214 mp 82/82 speed 125 x 15381
2026/09/23 17:19:55 Inventory listed with 13 items
2026/09/23 17:19:55 Received packet id 0x57 with 5 bytes
2026/09/23 17:19:55 Quest journal with 0 quests, 0 quest items
2026/09/23 17:19:55 Player temp22 appeared at 34563 50820 -3552 speed 125
2026/09/23 17:19:55 Player temp22 appeared at 34563 50820 -3552 speed 125
2026/09/23 17:19:55 Received packet id 0xe7 with 21 bytes
2026/09/23 17:19:55 Received packet id 0xe7 with 21 bytes
2026/09/23 17:19:55 NPC  spawned at 34016 50894 -3572 heading 25503
2026/09/23 17:19:55 NPC  spawned at 34500 51109 -3456 heading 49151
2026/09/23 17:19:55 Player temp20 appeared at 34500 50964 -3456 speed 125
2026/09/23 17:19:55 Received packet id 0xe7 with 21 bytes
2026/09/23 17:19:55 NPC  spawned at 34476 51038 -3552 heading 54731
2026/09/23 17:19:55 NPC  spawned at 31689 47797 -3665 heading 62140
2026/09/23 17:19:55 NPC  spawned at 30879 48695 -3665 heading 6588
2026/09/23 17:19:55 NPC  spawned at 32188 50321 -3670 heading 40370
2026/09/23 17:19:55 NPC  spawned at 30905 50438 -3665 heading 22117
2026/09/23 17:19:55 NPC  spawned at 31753 51532 -3670 heading 0
2026/09/23 17:19:55 NPC  spawned at 34604 52202 -3567 heading 63439
2026/09/23 17:19:55 NPC  spawned at 33601 52030 -3567 heading 60677
2026/09/23 17:19:55 NPC  spawned at 36027 48080 -3639 heading 18442
2026/09/23 17:19:55 NPC  spawned at 34907 50616 -3567 heading 43161
2026/09/23 17:19:55 NPC  spawned at 35925 51620 -3536 heading 46947
2026/09/23 17:19:55 NPC  spawned at 36370 52378 -3520 heading 47819
2026/09/23 17:19:55 NPC  spawned at 35244 52422 -3567 heading 17398
2026/09/23 17:19:55 NPC  spawned at 35920 51577 -3524 heading 46786
2026/09/23 17:19:55 NPC  spawned at 36058 51432 -3572 heading 0
2026/09/23 17:19:55 NPC  spawned at 35464 52848 -3567 heading 26808
2026/09/23 17:19:55 Player temp21 appeared at 35860 51310 -3536 speed 125
2026/09/23 17:19:55 Received packet id 0xe7 with 21 bytes
2026/09/23 17:19:55 Received packet id 0x65 with 1 bytes
2026/09/23 17:19:55 Received packet id 0xda with 5 bytes
2026/09/23 17:19:55 User info: temp22 level 7 hp 112/214 mp 82/82 speed 125 x 15381
2026/09/23 17:19:55 Action failed
2026/09/23 17:19:55 Player temp22 appeared at 34563 50820 -3552 speed 125
2026/09/23 17:19:55 Player temp22 appeared at 34563 50820 -3552 speed 125
2026/09/23 17:19:55 Hunt: level 7: resuming the cell Kaboo Orc Grunt SW-4 - the login landed on its ground
2026/09/23 17:19:55 Hunt: HP 52% below 60%, sitting down to regenerate
2026/09/23 17:19:55 Skill list with 1 skills
2026/09/23 17:19:55 Hunt: 2 mobs piled on us, running 600 units from the aggro point before the logout
2026/09/23 17:19:57 NPC  spawned at 33827 54709 -3590 heading 15521
2026/09/23 17:19:57 NPC  spawned at 33143 54479 -3585 heading 4530
2026/09/23 17:19:57 NPC  spawned at 33482 53386 -3590 heading 16711
2026/09/23 17:19:57 NPC  spawned at 33793 53753 -3585 heading 57653
2026/09/23 17:19:57 NPC  spawned at 33075 54958 -3590 heading 10307
2026/09/23 17:19:57 NPC  spawned at 36590 53269 -3572 heading 0
2026/09/23 17:19:58 NPC  spawned at 31689 47797 -3665 heading 62140
2026/09/23 17:19:58 NPC  spawned at 30879 48695 -3665 heading 6588
2026/09/23 17:19:58 NPC  spawned at 36027 48080 -3639 heading 18442
2026/09/23 17:19:58 Action failed
2026/09/23 17:19:58 Received packet id 0x85 with 13 bytes
2026/09/23 17:20:00 NPC  spawned at 39988 49418 -3543 heading 57985
2026/09/23 17:20:00 NPC  spawned at 39988 49418 -3543 heading 57985
2026/09/23 17:20:00 Received packet id 0x85 with 13 bytes
2026/09/23 17:20:01 Received packet id 0x85 with 13 bytes
2026/09/23 17:20:01 Hunt: shot released on 268450391, hostile 268450391 holds 409 units, the retreat clicks at the windup end
2026/09/23 17:20:02 NPC  spawned at 39732 48247 -3543 heading 52916
2026/09/23 17:20:02 NPC  spawned at 39732 48247 -3543 heading 52916
2026/09/23 17:20:03 Hunt: the windup on 268450391 ended (hostile 268450391 at 155 units), kiting the reload tail
2026/09/23 17:20:03 NPC  spawned at 33827 54709 -3590 heading 15521
2026/09/23 17:20:03 NPC  spawned at 33300 54315 -3585 heading 57167
2026/09/23 17:20:03 NPC  spawned at 33482 53386 -3590 heading 16711
2026/09/23 17:20:03 NPC  spawned at 33793 53753 -3585 heading 57653
2026/09/23 17:20:03 NPC  spawned at 33075 54958 -3590 heading 10307
2026/09/23 17:20:03 NPC  spawned at 36590 53269 -3572 heading 0
2026/09/23 17:20:03 Received packet id 0x85 with 13 bytes
2026/09/23 17:20:04 NPC  spawned at 31689 47797 -3665 heading 62140
2026/09/23 17:20:04 NPC  spawned at 30879 48695 -3665 heading 6588
2026/09/23 17:20:04 NPC  spawned at 36027 48080 -3639 heading 18442
2026/09/23 17:20:04 Hunt: hostile 268450391 holds 86 units at the walk end, the pursuit continues the retreat (step 1 of 8)
2026/09/23 17:20:05 User info: temp20 level 7 hp 54/214 mp 82/82 speed 125 x 15435
2026/09/23 17:20:06 Hunt: the pile up run shook the chase at 161 units, logging out
2026/09/23 17:20:06 Hunt: death at the cell Kaboo Orc Grunt SW-4 (heat 1.0)
2026/09/23 17:20:06 Hunt: dropping the target 0: the ground rotation owns the way
2026/09/23 17:20:06 Hunt: regressing from Kaboo Orc Grunt SW-4 to Goblin Raider S-3 after the death
2026/09/23 17:20:06 Hunt: 2 mobs piled on us, emergency logout for 2s
2026/09/23 17:20:06 Received packet id 0x85 with 13 bytes
2026/09/23 17:20:06 Action failed
2026/09/23 17:20:07 Hunt: the chasers surround the bow fight on target 268450391, holding ground and shooting through the train
2026/09/23 17:20:07 Received packet id 0x85 with 13 bytes
2026/09/23 17:20:09 Received packet id 0x85 with 13 bytes
2026/09/23 17:20:09 Received packet id 0x0b with 29 bytes
2026/09/23 17:20:09 Received packet id 0x0b with 29 bytes
2026/09/23 17:20:10 Received packet id 0x85 with 13 bytes
2026/09/23 17:20:10 Hunt: shot released on 268450391, hostile 268450391 holds 12 units, the retreat clicks at the windup end
2026/09/23 17:20:12 Received packet id 0x85 with 13 bytes
2026/09/23 17:20:12 Hunt: the windup on 268450391 ended (hostile 268450391 at 12 units), kiting the reload tail
2026/09/23 17:20:13 User info: temp21 level 7 hp 66/214 mp 82/82 speed 125 x 15435
2026/09/23 17:20:13 Hunt: the chasers surround the bow fight on target 268450391, holding ground and shooting through the train
2026/09/23 17:20:13 Received packet id 0x85 with 13 bytes
2026/09/23 17:20:15 Received packet id 0x85 with 13 bytes
2026/09/23 17:20:16 Received packet id 0x85 with 13 bytes
2026/09/23 17:20:16 Action failed
2026/09/23 17:20:16 Hunt: shot released on 268450391, hostile 268450391 holds 12 units, the retreat clicks at the windup end
2026/09/23 17:20:17 NPC  spawned at 39657 50735 -3548 heading 0
2026/09/23 17:20:17 NPC  spawned at 39657 50735 -3548 heading 0
2026/09/23 17:20:17 NPC  spawned at 39657 50735 -3548 heading 0
2026/09/23 17:20:17 NPC  spawned at 39657 50735 -3548 heading 0
2026/09/23 17:20:17 NPC  spawned at 39657 50735 -3548 heading 0
2026/09/23 17:20:17 NPC  spawned at 39657 50735 -3548 heading 0
2026/09/23 17:20:18 Received packet id 0x85 with 13 bytes
2026/09/23 17:20:19 Received packet id 0x85 with 13 bytes
2026/09/23 17:20:19 Action failed
2026/09/23 17:20:21 Received packet id 0x85 with 13 bytes
2026/09/23 17:20:22 Received init packet with session id 6d8df045
2026/09/23 17:20:22 Sent auth login for account temp20
2026/09/23 17:20:22 Authenticated on login server
2026/09/23 17:20:22 Received server list with 1 servers
2026/09/23 17:20:22 Selected game server 2 at 127.0.0.1:7777
2026/09/23 17:20:22 Sent protocol version 419
2026/09/23 17:20:22 Game server 2 accepted the protocol
2026/09/23 17:20:22 Sent game auth login for account temp20
2026/09/23 17:20:22 Received character list with 1 characters
2026/09/23 17:20:22 Selected character temp20
2026/09/23 17:20:22 Sent enter world request
2026/09/23 17:20:22 User info: temp20 level 7 hp 0/214 mp 82/82 speed 125 x 15435
2026/09/23 17:20:22 Inventory listed with 12 items
2026/09/23 17:20:22 Received packet id 0x57 with 5 bytes
2026/09/23 17:20:22 Player temp20 appeared at 34500 51095 -3456 speed 125
2026/09/23 17:20:22 Received packet id 0xe7 with 21 bytes
2026/09/23 17:20:22 Quest journal with 0 quests, 0 quest items
2026/09/23 17:20:22 Player temp22 appeared at 34563 50820 -3552 speed 125
2026/09/23 17:20:22 Received packet id 0xe7 with 21 bytes
2026/09/23 17:20:22 NPC  spawned at 34281 50795 -3572 heading 61806
2026/09/23 17:20:22 NPC  spawned at 34500 51095 -3456 heading 0
2026/09/23 17:20:22 NPC  spawned at 34500 51109 -3456 heading 49151
2026/09/23 17:20:22 NPC  spawned at 31689 47797 -3665 heading 62140
2026/09/23 17:20:22 NPC  spawned at 30744 48675 -3665 heading 34258
2026/09/23 17:20:22 NPC  spawned at 31912 50204 -3670 heading 38157
2026/09/23 17:20:22 NPC  spawned at 30769 50661 -3665 heading 22117
2026/09/23 17:20:22 NPC  spawned at 31753 51532 -3670 heading 0
2026/09/23 17:20:22 NPC  spawned at 34785 52070 -3567 heading 9672
2026/09/23 17:20:22 NPC  spawned at 33878 51849 -3567 heading 57435
2026/09/23 17:20:22 NPC  spawned at 36027 48080 -3639 heading 18442
2026/09/23 17:20:22 NPC  spawned at 34907 50616 -3567 heading 43161
2026/09/23 17:20:22 NPC  spawned at 35925 51620 -3536 heading 46947
2026/09/23 17:20:22 NPC  spawned at 36370 52378 -3520 heading 47819
2026/09/23 17:20:22 NPC  spawned at 35357 52449 -3567 heading 2446
2026/09/23 17:20:22 NPC  spawned at 35920 51577 -3524 heading 46786
2026/09/23 17:20:22 NPC  spawned at 36058 51432 -3572 heading 0
2026/09/23 17:20:22 NPC  spawned at 35464 52848 -3567 heading 26808
2026/09/23 17:20:22 Player temp21 appeared at 35860 51310 -3536 speed 125
2026/09/23 17:20:22 Received packet id 0xe7 with 21 bytes
2026/09/23 17:20:22 Received packet id 0x0b with 29 bytes
2026/09/23 17:20:22 Player temp20 appeared at 34500 51095 -3456 speed 125
2026/09/23 17:20:22 Received packet id 0xe7 with 21 bytes
2026/09/23 17:20:22 Received packet id 0x65 with 1 bytes
2026/09/23 17:20:22 Received packet id 0xda with 5 bytes
2026/09/23 17:20:22 User info: temp20 level 7 hp 0/214 mp 82/82 speed 125 x 15435
2026/09/23 17:20:22 Action failed
2026/09/23 17:20:22 Player temp20 appeared at 34500 51095 -3456 speed 125
2026/09/23 17:20:22 Player temp20 appeared at 34500 51095 -3456 speed 125
2026/09/23 17:20:22 Hunt: death at the cell Gray Wolf SW-1 (heat 1.0)
2026/09/23 17:20:22 Hunt: regressing from Gray Wolf SW-1 to Gray Wolf SW-3 after the death
2026/09/23 17:20:22 Hunt: character died, restarting at the nearest village
2026/09/23 17:20:22 Hunt: village restart failed: failed to send restart point: failed to set write deadline: set tcp 127.0.0.1:56752: use of closed network connection
2026/09/23 17:20:22 Hunt: death at the cell Gray Wolf SW-2 (heat 1.0)
2026/09/23 17:20:22 Hunt: regressing from Gray Wolf SW-2 to Gray Wolf SW-1 after the death
2026/09/23 17:20:22 Hunt: character died, restarting at the nearest village
2026/09/23 17:20:22 Hunt: village restart failed: failed to send restart point: failed to set write deadline: set tcp 127.0.0.1:47672: use of closed network connection
2026/09/23 17:20:22 Hunt: death at the cell Goblin Raider S-3 (heat 1.0)
2026/09/23 17:20:22 Hunt: regressing from Goblin Raider S-3 to Gray Wolf SW-2 after the death
2026/09/23 17:20:22 Hunt: character died, restarting at the nearest village
2026/09/23 17:20:22 Hunt: village restart failed: failed to send restart point: failed to set write deadline: set tcp 127.0.0.1:59748: use of closed network connection
2026/09/23 17:20:22 Hunt: character died, restarting at the nearest village
2026/09/23 17:20:22 User info: temp20 level 7 hp 139/214 mp 82/82 speed 125 x 15435
2026/09/23 17:20:22 Received packet id 0x0c with 5 bytes
2026/09/23 17:20:22 Received packet id 0x0c with 5 bytes
2026/09/23 17:20:22 Received packet id 0x0c with 5 bytes
2026/09/23 17:20:22 NPC  spawned at 45610 49008 -3056 heading 53248
2026/09/23 17:20:22 NPC  spawned at 45475 48359 -3056 heading 49152
2026/09/23 17:20:22 NPC  spawned at 44683 46952 -2981 heading 28672
2026/09/23 17:20:22 NPC  spawned at 44667 46896 -2982 heading 31000
2026/09/23 17:20:22 NPC  spawned at 44336 45127 -3704 heading 4676
2026/09/23 17:20:22 NPC  spawned at 44476 47153 -2984 heading 46000
2026/09/23 17:20:22 NPC  spawned at 43673 49683 -3048 heading 0
2026/09/23 17:20:22 NPC  spawned at 45487 46511 -2992 heading 57344
2026/09/23 17:20:22 NPC  spawned at 45778 46534 -2992 heading 40960
2026/09/23 17:20:22 NPC  spawned at 45859 50827 -3056 heading 45056
2026/09/23 17:20:22 NPC  spawned at 46475 50495 -3056 heading 61440
2026/09/23 17:20:22 NPC Jaradine spawned at 45730 50590 -3056 heading 23746
2026/09/23 17:20:22 NPC  spawned at 47891 45145 -3680 heading 28372
2026/09/23 17:20:22 NPC  spawned at 47868 50167 -2983 heading 50000
2026/09/23 17:20:22 NPC  spawned at 47780 49568 -2984 heading 4096
2026/09/23 17:20:22 NPC  spawned at 47912 50170 -2983 heading 50000
2026/09/23 17:20:22 User info: temp20 level 7 hp 139/214 mp 82/82 speed 125 x 15435
2026/09/23 17:20:22 Skill list with 1 skills
2026/09/23 17:20:22 Hunt: level 7: holding the cell Goblin Raider SE-16 (levels 5-7, 3 mobs, respawn 15-20s, 6 neighbors)
2026/09/23 17:20:22 Hunt: outside the hunting zone, pathfinding back
2026/09/23 17:20:22 Received packet id 0x85 with 13 bytes
2026/09/23 17:20:24 Hunt: HP 69% in the fight, drinking a healing potion
2026/09/23 17:20:24 Received packet id 0x8e with 21 bytes
2026/09/23 17:20:24 Received packet id 0x8e with 21 bytes
2026/09/23 17:20:24 User info: temp24 level 7 hp 148/214 mp 82/82 speed 125 x 15304
2026/09/23 17:20:24 Player temp24 appeared at 39459 48661 -3543 speed 125
2026/09/23 17:20:24 Received packet id 0x85 with 13 bytes
2026/09/23 17:20:24 NPC  spawned at 44823 52414 -2792 heading 49152
2026/09/23 17:20:24 NPC  spawned at 45000 52101 -2792 heading 16384
2026/09/23 17:20:24 NPC  spawned at 44692 52261 -2792 heading 0
2026/09/23 17:20:24 NPC  spawned at 44995 51706 -2800 heading 49352
2026/09/23 17:20:24 NPC  spawned at 45725 52105 -2792 heading 16384
2026/09/23 17:20:24 NPC  spawned at 46926 51511 -2976 heading 43000
2026/09/23 17:20:24 NPC  spawned at 45727 51721 -2800 heading 49152
2026/09/23 17:20:24 NPC  spawned at 45919 52414 -2792 heading 49152
2026/09/23 17:20:24 NPC  spawned at 47401 51764 -2992 heading 0
2026/09/23 17:20:24 NPC  spawned at 47595 51569 -2992 heading 16384
2026/09/23 17:20:24 Hunt: HP 67% in the fight, drinking a healing potion
2026/09/23 17:20:24 Received packet id 0x8e with 21 bytes
2026/09/23 17:20:24 Received packet id 0x8e with 21 bytes
2026/09/23 17:20:24 User info: temp23 level 7 hp 143/214 mp 82/82 speed 125 x 15334
2026/09/23 17:20:24 Player temp23 appeared at 38968 49071 -3543 speed 125
2026/09/23 17:20:25 Received packet id 0x85 with 13 bytes
2026/09/23 17:20:27 Received packet id 0x85 with 13 bytes
2026/09/23 17:20:28 NPC  spawned at 39820 51198 -3548 heading 59134
2026/09/23 17:20:28 NPC  spawned at 39820 51198 -3548 heading 59134
2026/09/23 17:20:28 Received packet id 0x85 with 13 bytes
2026/09/23 17:20:30 User info: temp23 level 7 hp 161/214 mp 82/82 speed 125 x 15322
2026/09/23 17:20:30 NPC  spawned at 38980 49069 -3543 heading 31045
2026/09/23 17:20:30 Received packet id 0x0b with 29 bytes
2026/09/23 17:20:30 NPC  spawned at 38980 49069 -3543 heading 31045
2026/09/23 17:20:30 NPC  spawned at 38980 49069 -3543 heading 31045
2026/09/23 17:20:30 NPC  spawned at 38980 49069 -3543 heading 31045
2026/09/23 17:20:30 Received packet id 0x0b with 29 bytes
2026/09/23 17:20:30 NPC  spawned at 38980 49069 -3543 heading 31045
2026/09/23 17:20:30 NPC  spawned at 38980 49069 -3543 heading 31045
2026/09/23 17:20:30 Received packet id 0x85 with 13 bytes
2026/09/23 17:20:30 Hunt: target 268450391 died, looting
2026/09/23 17:20:31 Action failed
2026/09/23 17:20:31 Action failed
2026/09/23 17:20:31 User info: temp24 level 7 hp 206/214 mp 82/82 speed 125 x 15286
2026/09/23 17:20:31 NPC  spawned at 39732 48247 -3543 heading 22464
2026/09/23 17:20:31 Received packet id 0x0b with 29 bytes
2026/09/23 17:20:31 NPC  spawned at 39732 48247 -3543 heading 22464
2026/09/23 17:20:31 NPC  spawned at 39732 48247 -3543 heading 22464
2026/09/23 17:20:31 NPC  spawned at 39732 48247 -3543 heading 22464
2026/09/23 17:20:31 Received packet id 0x0b with 29 bytes
2026/09/23 17:20:31 NPC  spawned at 39732 48247 -3543 heading 22464
2026/09/23 17:20:31 NPC  spawned at 39732 48247 -3543 heading 22464
2026/09/23 17:20:31 Hunt: target 268450385 died, looting
2026/09/23 17:20:32 Action failed
2026/09/23 17:20:32 Action failed
2026/09/23 17:20:35 Action failed
2026/09/23 17:20:35 Action failed
2026/09/23 17:20:39 User info: temp24 level 7 hp 214/214 mp 82/82 speed 125 x 15286
2026/09/23 17:20:39 Player temp24 appeared at 39671 48254 -3523 speed 125
2026/09/23 17:20:39 User info: temp23 level 7 hp 214/214 mp 82/82 speed 125 x 15324
2026/09/23 17:20:39 Player temp23 appeared at 38926 48959 -3523 speed 125
2026/09/23 17:20:40 NPC  spawned at 35154 45755 -3644 heading 23746
2026/09/23 17:20:40 NPC  spawned at 36158 46359 -3699 heading 1050
2026/09/23 17:20:40 NPC  spawned at 36681 45770 -3644 heading 0
2026/09/23 17:20:40 NPC  spawned at 35331 46266 -3704 heading 58064
2026/09/23 17:20:40 NPC  spawned at 35991 48156 -3639 heading 20897
2026/09/23 17:20:40 NPC  spawned at 35129 50418 -3567 heading 57939
2026/09/23 17:20:42 NPC  spawned at 49799 47271 -3544 heading 0
2026/09/23 17:20:42 NPC  spawned at 51157 47579 -3544 heading 0
2026/09/23 17:20:44 NPC  spawned at 48466 54845 -3492 heading 0
2026/09/23 17:20:44 NPC  spawned at 48589 54974 -3518 heading 0
2026/09/23 17:20:44 NPC  spawned at 49262 53607 -3216 heading 53248
2026/09/23 17:20:44 NPC  spawned at 50592 54896 -3352 heading 40960
2026/09/23 17:20:44 NPC  spawned at 49185 54692 -3518 heading 0
2026/09/23 17:20:44 NPC  spawned at 51180 53794 -3492 heading 0
2026/09/23 17:20:45 Action failed
2026/09/23 17:20:45 Hunt: dropping the target 268450393: the ground rotation owns the way
2026/09/23 17:20:45 Hunt: the fight crossed into Green Dryad SW-11 (was Green Dryad SW-8), following the ground
2026/09/23 17:20:45 Action failed
2026/09/23 17:20:46 Action failed
2026/09/23 17:20:46 Action failed
2026/09/23 17:20:46 Hunt: dropping the target 268450393: the ground rotation owns the way
2026/09/23 17:20:46 Hunt: the fight crossed into Green Dryad SW-11 (was Green Dryad SW-8), following the ground
2026/09/23 17:20:46 Action failed
2026/09/23 17:20:47 Action failed
2026/09/23 17:20:50 Received packet id 0x85 with 13 bytes
2026/09/23 17:20:50 Hunt: town walk stuck, re-pathing (1 of 3)
2026/09/23 17:20:51 Received packet id 0x85 with 13 bytes
2026/09/23 17:20:52 NPC  spawned at 37247 52976 -3548 heading 0
2026/09/23 17:20:52 NPC  spawned at 37247 52976 -3548 heading 0
2026/09/23 17:20:52 NPC  spawned at 37247 52976 -3548 heading 0
2026/09/23 17:20:52 NPC  spawned at 38696 46835 -3592 heading 0
2026/09/23 17:20:52 NPC  spawned at 38696 46835 -3592 heading 0
2026/09/23 17:20:53 Received packet id 0x85 with 13 bytes
2026/09/23 17:20:54 NPC  spawned at 39359 48538 -3548 heading 0
2026/09/23 17:20:54 NPC  spawned at 39359 48538 -3548 heading 0
2026/09/23 17:20:54 NPC  spawned at 39359 48538 -3548 heading 0
2026/09/23 17:20:54 NPC  spawned at 39359 48538 -3548 heading 0
2026/09/23 17:20:54 NPC  spawned at 39359 48538 -3548 heading 0
2026/09/23 17:20:54 NPC  spawned at 39359 48538 -3548 heading 0
2026/09/23 17:20:54 Received packet id 0x85 with 13 bytes
2026/09/23 17:20:55 Hunt: hostile 268450393 closed to 215 units of the fight on 268450393 inside the windup, the retreat waits the windup end
2026/09/23 17:20:55 Hunt: shot released on 268450393, hostile 268450393 holds 208 units, the retreat clicks at the windup end
2026/09/23 17:20:55 Hunt: the chasers surround the bow fight on target 268450393, holding ground and shooting through the train
2026/09/23 17:20:56 Hunt: no walkable retreat lane on target 268450393 (cornered), holding ground and shooting the bow
2026/09/23 17:20:56 Hunt: HP 92% recovered, standing up
2026/09/23 17:20:56 Received packet id 0x85 with 13 bytes
2026/09/23 17:20:57 Received packet id 0x85 with 13 bytes
2026/09/23 17:20:57 Action failed
2026/09/23 17:20:57 Hunt: dropping the target 268450364: the ground rotation owns the way
2026/09/23 17:20:57 Hunt: the fight crossed into Kaboo Orc Grunt SW-5 (was Kaboo Orc Grunt SW-4), following the ground
2026/09/23 17:20:57 Action failed
2026/09/23 17:20:58 Action failed
2026/09/23 17:20:58 User info: temp24 level 7 hp 204/214 mp 81/82 speed 125 x 15268
2026/09/23 17:20:58 NPC  spawned at 38916 47222 -3592 heading 1082
2026/09/23 17:20:58 Received packet id 0x0b with 29 bytes
2026/09/23 17:20:58 NPC  spawned at 38916 47222 -3592 heading 1082
2026/09/23 17:20:58 NPC  spawned at 38916 47222 -3592 heading 1082
2026/09/23 17:20:58 User info: temp23 level 7 hp 214/214 mp 81/82 speed 125 x 15306
2026/09/23 17:20:58 NPC  spawned at 38916 47222 -3592 heading 1082
2026/09/23 17:20:58 Received packet id 0x0b with 29 bytes
2026/09/23 17:20:58 NPC  spawned at 38916 47222 -3592 heading 1082
2026/09/23 17:20:58 NPC  spawned at 38916 47222 -3592 heading 1082
2026/09/23 17:20:59 Hunt: target 268450393 died, looting
2026/09/23 17:20:59 Action failed
2026/09/23 17:20:59 Hunt: target 268450393 died, looting
2026/09/23 17:20:59 Hunt: 2 mobs piled on us, running 600 units from the aggro point before the logout
2026/09/23 17:20:59 Action failed
2026/09/23 17:20:59 Action failed
2026/09/23 17:21:00 NPC  spawned at 42978 49115 -2992 heading 0
2026/09/23 17:21:00 NPC  spawned at 42812 51138 -2992 heading 16384
2026/09/23 17:21:00 NPC  spawned at 42700 50057 -2984 heading 14500
2026/09/23 17:21:00 NPC  spawned at 42766 50037 -2984 heading 11500
2026/09/23 17:21:00 NPC  spawned at 35091 45830 -3644 heading 23746
2026/09/23 17:21:00 NPC  spawned at 36158 46359 -3699 heading 1050
2026/09/23 17:21:00 NPC  spawned at 36681 45770 -3644 heading 0
2026/09/23 17:21:00 NPC  spawned at 35331 46266 -3704 heading 58064
2026/09/23 17:21:00 NPC  spawned at 36155 48210 -3639 heading 18794
2026/09/23 17:21:00 NPC  spawned at 35129 50418 -3567 heading 57939
2026/09/23 17:21:01 NPC  spawned at 35091 45830 -3644 heading 23746
2026/09/23 17:21:01 NPC  spawned at 36158 46359 -3699 heading 1050
2026/09/23 17:21:01 NPC  spawned at 36681 45770 -3644 heading 0
2026/09/23 17:21:01 NPC  spawned at 35331 46266 -3704 heading 58064
2026/09/23 17:21:01 NPC  spawned at 36155 48210 -3639 heading 18794
2026/09/23 17:21:01 NPC  spawned at 35129 50418 -3567 heading 57939
2026/09/23 17:21:01 NPC  spawned at 42978 49115 -2992 heading 0
2026/09/23 17:21:01 NPC  spawned at 42812 51138 -2992 heading 16384
2026/09/23 17:21:01 NPC  spawned at 42700 50057 -2984 heading 14500
2026/09/23 17:21:01 NPC  spawned at 42766 50037 -2984 heading 11500
2026/09/23 17:21:02 NPC  spawned at 35091 45830 -3644 heading 23746
2026/09/23 17:21:02 NPC  spawned at 36158 46359 -3699 heading 1050
2026/09/23 17:21:02 NPC  spawned at 36681 45770 -3644 heading 0
2026/09/23 17:21:02 NPC  spawned at 35331 46266 -3704 heading 58064
2026/09/23 17:21:02 NPC  spawned at 36155 48210 -3639 heading 18794
2026/09/23 17:21:02 NPC  spawned at 35129 50418 -3567 heading 57939
2026/09/23 17:21:02 Player temp24 appeared at 38849 47110 -3572 speed 125
2026/09/23 17:21:02 Received packet id 0xe7 with 21 bytes
2026/09/23 17:21:02 Player temp22 appeared at 34818 50714 -3552 speed 125
2026/09/23 17:21:02 Player temp22 appeared at 34818 50714 -3552 speed 125
2026/09/23 17:21:02 Received packet id 0xe7 with 21 bytes
2026/09/23 17:21:02 Received packet id 0xe7 with 21 bytes
2026/09/23 17:21:02 NPC  spawned at 37454 48372 -3592 heading 0
2026/09/23 17:21:02 Player temp23 appeared at 38900 47217 -3572 speed 125
2026/09/23 17:21:02 Received packet id 0xe7 with 21 bytes
2026/09/23 17:21:02 NPC  spawned at 38258 52869 -3409 heading 24279
2026/09/23 17:21:02 NPC  spawned at 37855 52996 -3548 heading 0
2026/09/23 17:21:02 NPC  spawned at 38321 52632 -3548 heading 21990
2026/09/23 17:21:02 NPC  spawned at 38368 52826 -3409 heading 22908
2026/09/23 17:21:02 NPC  spawned at 37978 53021 -3409 heading 57081
2026/09/23 17:21:02 NPC  spawned at 38096 52210 -3543 heading 30849
2026/09/23 17:21:02 NPC  spawned at 37183 52611 -3548 heading 21967
2026/09/23 17:21:02 NPC  spawned at 37247 52976 -3548 heading 0
2026/09/23 17:21:02 NPC  spawned at 36757 44842 -3644 heading 0
2026/09/23 17:21:02 NPC  spawned at 36132 44611 -3644 heading 0
2026/09/23 17:21:02 NPC  spawned at 36266 44861 -3644 heading 35068
2026/09/23 17:21:02 NPC  spawned at 36519 44480 -3644 heading 61868
2026/09/23 17:21:02 NPC  spawned at 38853 44509 -3592 heading 0
2026/09/23 17:21:02 NPC  spawned at 36941 44929 -3644 heading 262
2026/09/23 17:21:02 NPC  spawned at 38578 45053 -3592 heading 54240
2026/09/23 17:21:02 NPC  spawned at 38069 44430 -3592 heading 0
2026/09/23 17:21:02 NPC  spawned at 38903 45033 -3592 heading 44702
2026/09/23 17:21:02 NPC  spawned at 37073 44674 -3644 heading 0
2026/09/23 17:21:02 NPC  spawned at 38561 44526 -3592 heading 0
2026/09/23 17:21:02 NPC  spawned at 38628 44908 -3592 heading 42445
2026/09/23 17:21:02 NPC  spawned at 39058 44895 -3592 heading 53160
2026/09/23 17:21:02 NPC  spawned at 39708 43075 -3612 heading 0
2026/09/23 17:21:03 NPC  spawned at 36757 44842 -3644 heading 0
2026/09/23 17:21:03 NPC  spawned at 36132 44611 -3644 heading 0
2026/09/23 17:21:03 NPC  spawned at 36266 44861 -3644 heading 35068
2026/09/23 17:21:03 NPC  spawned at 36519 44480 -3644 heading 61868
2026/09/23 17:21:03 NPC  spawned at 38853 44509 -3592 heading 0
2026/09/23 17:21:03 NPC  spawned at 36941 44929 -3644 heading 262
2026/09/23 17:21:03 NPC  spawned at 38578 45053 -3592 heading 54240
2026/09/23 17:21:03 NPC  spawned at 38069 44430 -3592 heading 0
2026/09/23 17:21:03 NPC  spawned at 38903 45033 -3592 heading 44702
2026/09/23 17:21:03 NPC  spawned at 37073 44674 -3644 heading 0
2026/09/23 17:21:03 NPC  spawned at 38561 44526 -3592 heading 0
2026/09/23 17:21:03 NPC  spawned at 38628 44908 -3592 heading 42445
2026/09/23 17:21:03 NPC  spawned at 39058 44895 -3592 heading 53160
2026/09/23 17:21:03 NPC  spawned at 39708 43075 -3612 heading 0
2026/09/23 17:21:04 Hunt: 610 units from the aggro point, logging out
2026/09/23 17:21:04 Hunt: death at the cell Kaboo Orc Grunt SW-5 (heat 1.0)
2026/09/23 17:21:04 Hunt: dropping the target 0: the ground rotation owns the way
2026/09/23 17:21:04 Hunt: regressing from Kaboo Orc Grunt SW-5 to Goblin Raider S-3 after the death
2026/09/23 17:21:04 Hunt: 2 mobs piled on us, emergency logout for 2s
2026/09/23 17:21:05 Received packet id 0x85 with 13 bytes
2026/09/23 17:21:06 Received packet id 0x85 with 13 bytes
2026/09/23 17:21:06 Received init packet with session id 8272e97e
2026/09/23 17:21:06 Sent auth login for account temp22
2026/09/23 17:21:06 Authenticated on login server
2026/09/23 17:21:06 Received server list with 1 servers
2026/09/23 17:21:06 Selected game server 2 at 127.0.0.1:7777
2026/09/23 17:21:06 Sent protocol version 419
2026/09/23 17:21:06 Game server 2 accepted the protocol
2026/09/23 17:21:06 Sent game auth login for account temp22
2026/09/23 17:21:06 Received character list with 1 characters
2026/09/23 17:21:06 Selected character temp22
2026/09/23 17:21:06 Sent enter world request
2026/09/23 17:21:06 User info: temp22 level 7 hp 205/214 mp 82/82 speed 125 x 15381
2026/09/23 17:21:06 Inventory listed with 13 items
2026/09/23 17:21:06 Received packet id 0x57 with 5 bytes
2026/09/23 17:21:06 Quest journal with 0 quests, 0 quest items
2026/09/23 17:21:06 Player temp22 appeared at 35150 50569 -3552 speed 125
2026/09/23 17:21:06 Received packet id 0xe7 with 21 bytes
2026/09/23 17:21:06 NPC  spawned at 35038 50668 -3538 heading 285
2026/09/23 17:21:06 NPC  spawned at 34987 50638 -3552 heading 61321
2026/09/23 17:21:06 NPC  spawned at 35129 50418 -3567 heading 57939
2026/09/23 17:21:06 NPC  spawned at 34281 50795 -3572 heading 61806
2026/09/23 17:21:06 NPC  spawned at 34785 52070 -3567 heading 9672
2026/09/23 17:21:06 NPC  spawned at 33878 51849 -3567 heading 57435
2026/09/23 17:21:06 NPC  spawned at 36155 48210 -3639 heading 18794
2026/09/23 17:21:06 NPC  spawned at 35925 51620 -3536 heading 46947
2026/09/23 17:21:06 NPC  spawned at 36370 52378 -3520 heading 47819
2026/09/23 17:21:06 NPC  spawned at 35542 52253 -3567 heading 58589
2026/09/23 17:21:06 NPC  spawned at 35920 51577 -3524 heading 46786
2026/09/23 17:21:06 NPC  spawned at 36297 51340 -3572 heading 61703
2026/09/23 17:21:06 NPC  spawned at 35482 52853 -3567 heading 61312
2026/09/23 17:21:06 Player temp21 appeared at 35860 51310 -3536 speed 125
2026/09/23 17:21:06 Received packet id 0xe7 with 21 bytes
2026/09/23 17:21:06 NPC  spawned at 37454 48372 -3592 heading 0
2026/09/23 17:21:06 NPC  spawned at 38258 52869 -3409 heading 24279
2026/09/23 17:21:06 NPC  spawned at 37855 52996 -3548 heading 0
2026/09/23 17:21:06 NPC  spawned at 38321 52632 -3548 heading 21990
2026/09/23 17:21:06 NPC  spawned at 38385 52937 -3409 heading 14783
2026/09/23 17:21:06 NPC  spawned at 37978 53021 -3409 heading 57081
2026/09/23 17:21:06 NPC  spawned at 38096 52210 -3543 heading 30849
2026/09/23 17:21:06 NPC  spawned at 37183 52611 -3548 heading 21967
2026/09/23 17:21:06 NPC  spawned at 37041 52978 -3548 heading 32641
2026/09/23 17:21:06 Received packet id 0x65 with 1 bytes
2026/09/23 17:21:06 Received packet id 0xda with 5 bytes
2026/09/23 17:21:06 User info: temp22 level 7 hp 205/214 mp 82/82 speed 125 x 15381
2026/09/23 17:21:06 Action failed
2026/09/23 17:21:06 Player temp22 appeared at 35150 50569 -3552 speed 125
2026/09/23 17:21:07 NPC  spawned at 38436 46242 -3592 heading 0
2026/09/23 17:21:07 NPC  spawned at 38436 46242 -3592 heading 0
2026/09/23 17:21:07 Hunt: level 7: resuming the cell Kaboo Orc Grunt SW-4 - the login landed on its ground
2026/09/23 17:21:07 Action failed
2026/09/23 17:21:07 Skill list with 1 skills
2026/09/23 17:21:07 NPC  spawned at 51617 51152 -3534 heading 0
2026/09/23 17:21:07 NPC  spawned at 52769 50786 -3534 heading 0
2026/09/23 17:21:07 NPC  spawned at 51568 52423 -3534 heading 0
2026/09/23 17:21:07 NPC  spawned at 52597 52274 -3534 heading 0
2026/09/23 17:21:07 NPC  spawned at 52418 52770 -3534 heading 0
2026/09/23 17:21:07 NPC  spawned at 52324 52343 -3534 heading 0
2026/09/23 17:21:07 NPC  spawned at 52549 52461 -3534 heading 0
2026/09/23 17:21:07 NPC  spawned at 51295 53575 -3492 heading 0
2026/09/23 17:21:07 NPC  spawned at 51613 55259 -3492 heading 0
2026/09/23 17:21:07 NPC  spawned at 52123 54183 -3492 heading 0
2026/09/23 17:21:07 NPC  spawned at 53149 54428 -3414 heading 0
2026/09/23 17:21:08 NPC  spawned at 48470 56028 -3518 heading 0
2026/09/23 17:21:08 NPC  spawned at 48367 55409 -3492 heading 0
2026/09/23 17:21:08 NPC  spawned at 49515 55937 -3518 heading 0
2026/09/23 17:21:08 NPC  spawned at 50546 55821 -3492 heading 0
2026/09/23 17:21:08 NPC  spawned at 49483 56723 -3518 heading 0
2026/09/23 17:21:08 NPC  spawned at 51802 57081 -3492 heading 0
2026/09/23 17:21:08 NPC  spawned at 51963 55330 -3492 heading 0
2026/09/23 17:21:08 NPC  spawned at 52836 56051 -3414 heading 0
2026/09/23 17:21:08 NPC  spawned at 52300 56049 -3414 heading 0
2026/09/23 17:21:08 Received packet id 0x85 with 13 bytes
2026/09/23 17:21:08 Hunt: shot released on 268450399, hostile 268450399 holds 399 units, the retreat clicks at the windup end
2026/09/23 17:21:09 Hunt: 2 mobs piled on us, running 600 units from the aggro point before the logout
2026/09/23 17:21:09 Received packet id 0x85 with 13 bytes
2026/09/23 17:21:09 Hunt: shot released on 268450399, hostile 268450399 holds 278 units, the retreat clicks at the windup end
2026/09/23 17:21:10 Hunt: the chasers surround the bow fight on target 268450399, holding ground and shooting through the train
2026/09/23 17:21:11 Hunt: the windup on 268450399 ended (hostile 268450399 at 58 units), kiting the reload tail
2026/09/23 17:21:11 NPC  spawned at 32019 47770 -3665 heading 486
2026/09/23 17:21:11 NPC  spawned at 31912 50204 -3670 heading 38157
2026/09/23 17:21:11 NPC  spawned at 31753 51532 -3670 heading 0
2026/09/23 17:21:11 Received packet id 0x85 with 13 bytes
2026/09/23 17:21:12 Hunt: hostile 268450399 holds 218 units at the walk end, the pursuit continues the retreat (step 1 of 8)
2026/09/23 17:21:13 Hunt: hostile 268450399 closed to 19 units of the fight on 268450399, kiting clear (step 1 of 8)
2026/09/23 17:21:13 Hunt: 637 units from the aggro point, logging out
2026/09/23 17:21:13 Hunt: death at the cell Kaboo Orc Grunt SW-4 (heat 1.0)
2026/09/23 17:21:13 Hunt: dropping the target 0: the ground rotation owns the way
2026/09/23 17:21:13 Hunt: regressing from Kaboo Orc Grunt SW-4 to Goblin Raider SE-12 after the death
2026/09/23 17:21:13 Hunt: 2 mobs piled on us, emergency logout for 2s
2026/09/23 17:21:13 NPC  spawned at 42240 43574 -3602 heading 0
2026/09/23 17:21:13 NPC  spawned at 42398 43880 -3602 heading 0
2026/09/23 17:21:13 NPC  spawned at 42978 49115 -2992 heading 0
2026/09/23 17:21:14 Hunt: hostile 268450399 holds 194 units at the walk end, the pursuit continues the retreat (step 2 of 8)
2026/09/23 17:21:15 Hunt: the chasers surround the bow fight on target 268450399, holding ground and shooting through the train
2026/09/23 17:21:15 Received packet id 0x85 with 13 bytes
2026/09/23 17:21:15 NPC  spawned at 47868 50167 -2983 heading 50000
2026/09/23 17:21:15 NPC  spawned at 47780 49568 -2984 heading 4096
2026/09/23 17:21:15 NPC  spawned at 47912 50170 -2983 heading 50000
2026/09/23 17:21:15 NPC  spawned at 51617 51152 -3534 heading 0
2026/09/23 17:21:15 NPC  spawned at 52722 50718 -3534 heading 42910
2026/09/23 17:21:17 Received init packet with session id 2f15f59a
2026/09/23 17:21:17 Sent auth login for account temp22
2026/09/23 17:21:17 Authenticated on login server
2026/09/23 17:21:17 Received server list with 1 servers
2026/09/23 17:21:17 Selected game server 2 at 127.0.0.1:7777
2026/09/23 17:21:17 Sent protocol version 419
2026/09/23 17:21:17 Game server 2 accepted the protocol
2026/09/23 17:21:17 Sent game auth login for account temp22
2026/09/23 17:21:17 Received character list with 1 characters
2026/09/23 17:21:17 Selected character temp22
2026/09/23 17:21:17 Sent enter world request
2026/09/23 17:21:17 User info: temp22 level 7 hp 209/214 mp 82/82 speed 125 x 15381
2026/09/23 17:21:17 Inventory listed with 13 items
2026/09/23 17:21:17 Received packet id 0x57 with 5 bytes
2026/09/23 17:21:17 Player temp22 appeared at 34562 50984 -3552 speed 125
2026/09/23 17:21:17 Received packet id 0xe7 with 21 bytes
2026/09/23 17:21:17 Quest journal with 0 quests, 0 quest items
2026/09/23 17:21:17 NPC  spawned at 34281 50795 -3572 heading 61806
2026/09/23 17:21:17 NPC  spawned at 34659 50906 -3552 heading 25681
2026/09/23 17:21:17 NPC  spawned at 34645 50918 -3552 heading 25783
2026/09/23 17:21:17 NPC  spawned at 32019 47770 -3665 heading 486
2026/09/23 17:21:17 NPC  spawned at 31912 50204 -3670 heading 38157
2026/09/23 17:21:17 NPC  spawned at 31753 51532 -3670 heading 0
2026/09/23 17:21:17 NPC  spawned at 34785 52070 -3567 heading 9672
2026/09/23 17:21:17 NPC  spawned at 33566 52040 -3567 heading 38717
2026/09/23 17:21:17 NPC  spawned at 36155 48210 -3639 heading 18794
2026/09/23 17:21:17 NPC  spawned at 35139 50407 -3567 heading 57363
2026/09/23 17:21:17 NPC  spawned at 35925 51620 -3536 heading 46947
2026/09/23 17:21:17 NPC  spawned at 36370 52378 -3520 heading 47819
2026/09/23 17:21:17 NPC  spawned at 35542 52253 -3567 heading 58589
2026/09/23 17:21:17 NPC  spawned at 35920 51577 -3524 heading 46786
2026/09/23 17:21:17 NPC  spawned at 36297 51340 -3572 heading 61703
2026/09/23 17:21:17 NPC  spawned at 35482 52853 -3567 heading 61312
2026/09/23 17:21:17 Player temp21 appeared at 35860 51310 -3536 speed 125
2026/09/23 17:21:17 Received packet id 0xe7 with 21 bytes
2026/09/23 17:21:17 Received packet id 0x65 with 1 bytes
2026/09/23 17:21:17 Received packet id 0xda with 5 bytes
2026/09/23 17:21:17 User info: temp22 level 7 hp 209/214 mp 82/82 speed 125 x 15381
2026/09/23 17:21:17 Action failed
2026/09/23 17:21:17 Player temp22 appeared at 34562 50984 -3552 speed 125
2026/09/23 17:21:17 Hunt: level 7: resuming the cell Kaboo Orc Grunt SW-4 - the login landed on its ground
2026/09/23 17:21:17 Action failed
2026/09/23 17:21:17 Skill list with 1 skills
2026/09/23 17:21:17 Hunt: dropping the target 268450364: the ground rotation owns the way
2026/09/23 17:21:17 Hunt: the fight crossed into Kaboo Orc Grunt SW-5 (was Kaboo Orc Grunt SW-4), following the ground
2026/09/23 17:21:17 Action failed
2026/09/23 17:21:18 Received packet id 0x85 with 13 bytes
2026/09/23 17:21:18 Hunt: shot released on 268450399, hostile 268450399 holds 57 units, the retreat clicks at the windup end
2026/09/23 17:21:18 Action failed
2026/09/23 17:21:18 Received packet id 0x85 with 13 bytes
2026/09/23 17:21:19 Hunt: 2 mobs piled on us, running 600 units from the aggro point before the logout
2026/09/23 17:21:20 Hunt: the windup on 268450399 ended (hostile 268450399 at 57 units), kiting the reload tail
2026/09/23 17:21:21 NPC  spawned at 37454 48372 -3592 heading 0
2026/09/23 17:21:21 NPC  spawned at 38283 52905 -3409 heading 10052
2026/09/23 17:21:21 NPC  spawned at 37855 52996 -3548 heading 0
2026/09/23 17:21:21 NPC  spawned at 38321 52632 -3548 heading 21990
2026/09/23 17:21:21 NPC  spawned at 38227 53206 -3409 heading 21974
2026/09/23 17:21:21 NPC  spawned at 38229 52955 -3409 heading 62854
2026/09/23 17:21:21 NPC  spawned at 38096 52210 -3543 heading 30849
2026/09/23 17:21:21 NPC  spawned at 37137 52486 -3548 heading 45474
2026/09/23 17:21:21 NPC  spawned at 37000 52979 -3548 heading 32641
2026/09/23 17:21:21 NPC  spawned at 37173 46388 -3592 heading 0
2026/09/23 17:21:21 NPC  spawned at 37173 46388 -3592 heading 0
2026/09/23 17:21:21 NPC  spawned at 37173 46388 -3592 heading 0
2026/09/23 17:21:21 NPC  spawned at 37173 46388 -3592 heading 0
2026/09/23 17:21:21 NPC  spawned at 37173 46388 -3592 heading 0
2026/09/23 17:21:21 NPC  spawned at 37173 46388 -3592 heading 0
2026/09/23 17:21:21 Hunt: hostile 268450399 holds 57 units at the walk end, the pursuit continues the retreat (step 2 of 8)
2026/09/23 17:21:21 Received packet id 0x85 with 13 bytes
2026/09/23 17:21:21 Action failed
2026/09/23 17:21:22 Hunt: shot released on 268450399, hostile 268450399 holds 420 units, the retreat clicks at the windup end
2026/09/23 17:21:23 Hunt: 611 units from the aggro point, logging out
2026/09/23 17:21:23 Hunt: death at the cell Kaboo Orc Grunt SW-5 (heat 1.0)
2026/09/23 17:21:23 Hunt: dropping the target 0: the ground rotation owns the way
2026/09/23 17:21:23 Hunt: regressing from Kaboo Orc Grunt SW-5 to Goblin Raider SW-1 after the death
2026/09/23 17:21:23 Hunt: 2 mobs piled on us, emergency logout for 2s
2026/09/23 17:21:23 Hunt: the windup on 268450399 ended (hostile 268450399 at 303 units), kiting the reload tail
2026/09/23 17:21:24 NPC  spawned at 34816 44774 -3644 heading 10168
2026/09/23 17:21:24 Received packet id 0x85 with 13 bytes
2026/09/23 17:21:25 Hunt: the chasers surround the bow fight on target 268450399, holding ground and shooting through the train
2026/09/23 17:21:25 Received packet id 0x85 with 13 bytes
2026/09/23 17:21:26 User info: temp24 level 7 hp 214/214 mp 81/82 speed 125 x 15232
2026/09/23 17:21:26 NPC  spawned at 38608 46369 -3592 heading 41859
2026/09/23 17:21:26 Received packet id 0x0b with 29 bytes
2026/09/23 17:21:26 NPC  spawned at 38608 46369 -3592 heading 41859
2026/09/23 17:21:26 NPC  spawned at 38608 46369 -3592 heading 41859
2026/09/23 17:21:26 User info: temp23 level 7 hp 185/214 mp 81/82 speed 125 x 15276
2026/09/23 17:21:26 NPC  spawned at 38608 46369 -3592 heading 41859
2026/09/23 17:21:26 Received packet id 0x0b with 29 bytes
2026/09/23 17:21:26 NPC  spawned at 38608 46369 -3592 heading 41859
2026/09/23 17:21:26 NPC  spawned at 38608 46369 -3592 heading 41859
2026/09/23 17:21:26 Hunt: target 268450399 died, looting
2026/09/23 17:21:26 Action failed
2026/09/23 17:21:26 Hunt: target 268450399 died, looting
2026/09/23 17:21:27 Action failed
2026/09/23 17:21:27 Hunt: dropping the target 268450395: the ground rotation owns the way
2026/09/23 17:21:27 Hunt: the fight crossed into Spore Fungus SW-5 (was Green Dryad SW-11), following the ground
2026/09/23 17:21:27 Action failed
2026/09/23 17:21:28 Action failed
2026/09/23 17:21:28 NPC  spawned at 36757 44842 -3644 heading 0
2026/09/23 17:21:28 NPC  spawned at 34855 44831 -3644 heading 10168
2026/09/23 17:21:28 NPC  spawned at 36070 44671 -3644 heading 24657
2026/09/23 17:21:28 NPC  spawned at 36266 44861 -3644 heading 35068
2026/09/23 17:21:28 NPC  spawned at 35879 44407 -3644 heading 59624
2026/09/23 17:21:28 NPC  spawned at 35091 45830 -3644 heading 23746
2026/09/23 17:21:28 NPC  spawned at 36197 46204 -3699 heading 51723
2026/09/23 17:21:28 NPC  spawned at 36681 45770 -3644 heading 0
2026/09/23 17:21:28 NPC  spawned at 35227 46425 -3704 heading 22425
2026/09/23 17:21:28 NPC  spawned at 36386 48117 -3639 heading 61543
2026/09/23 17:21:31 Action failed
2026/09/23 17:21:31 Hunt: dropping the target 268450395: the ground rotation owns the way
2026/09/23 17:21:31 Hunt: the fight crossed into Spore Fungus SW-5 (was Green Dryad SW-11), following the ground
2026/09/23 17:21:31 Action failed
2026/09/23 17:21:31 Received init packet with session id b5b22b0a
2026/09/23 17:21:31 Sent auth login for account temp22
2026/09/23 17:21:31 Authenticated on login server
2026/09/23 17:21:31 Received server list with 1 servers
2026/09/23 17:21:31 Selected game server 2 at 127.0.0.1:7777
2026/09/23 17:21:31 Sent protocol version 419
2026/09/23 17:21:31 Game server 2 accepted the protocol
2026/09/23 17:21:31 Sent game auth login for account temp22
2026/09/23 17:21:31 Received character list with 1 characters
2026/09/23 17:21:31 Selected character temp22
2026/09/23 17:21:31 Sent enter world request
2026/09/23 17:21:31 User info: temp22 level 7 hp 153/214 mp 82/82 speed 125 x 15381
2026/09/23 17:21:31 Inventory listed with 13 items
2026/09/23 17:21:31 Received packet id 0x57 with 5 bytes
2026/09/23 17:21:31 Quest journal with 0 quests, 0 quest items
2026/09/23 17:21:31 Player temp22 appeared at 35659 51128 -3552 speed 125
2026/09/23 17:21:31 Received packet id 0xe7 with 21 bytes
2026/09/23 17:21:31 NPC  spawned at 35648 51118 -3552 heading 7695
2026/09/23 17:21:31 NPC  spawned at 35647 51120 -3552 heading 6133
2026/09/23 17:21:31 NPC  spawned at 35397 50151 -3567 heading 57363
2026/09/23 17:21:31 NPC  spawned at 34439 50605 -3572 heading 51023
2026/09/23 17:21:31 NPC  spawned at 34785 52070 -3567 heading 9672
2026/09/23 17:21:31 NPC  spawned at 33483 51987 -3567 heading 38717
2026/09/23 17:21:31 NPC  spawned at 36386 48117 -3639 heading 61543
2026/09/23 17:21:31 NPC  spawned at 35925 51620 -3536 heading 46947
2026/09/23 17:21:31 NPC  spawned at 36370 52378 -3520 heading 47819
2026/09/23 17:21:31 NPC  spawned at 35542 52253 -3567 heading 58589
2026/09/23 17:21:31 NPC  spawned at 35920 51577 -3524 heading 46786
2026/09/23 17:21:31 NPC  spawned at 36297 51340 -3572 heading 61703
2026/09/23 17:21:31 NPC  spawned at 35386 52920 -3567 heading 26412
2026/09/23 17:21:31 Player temp21 appeared at 35860 51310 -3536 speed 125
2026/09/23 17:21:31 Received packet id 0xe7 with 21 bytes
2026/09/23 17:21:31 NPC  spawned at 37454 48372 -3592 heading 0
2026/09/23 17:21:31 NPC  spawned at 38283 52905 -3409 heading 10052
2026/09/23 17:21:31 NPC  spawned at 37855 52996 -3548 heading 0
2026/09/23 17:21:31 NPC  spawned at 38321 52632 -3548 heading 21990
2026/09/23 17:21:31 NPC  spawned at 38337 53058 -3409 heading 59737
2026/09/23 17:21:31 NPC  spawned at 38370 52790 -3409 heading 56539
2026/09/23 17:21:31 NPC  spawned at 37983 52352 -3543 heading 23394
2026/09/23 17:21:31 NPC  spawned at 37137 52486 -3548 heading 45474
2026/09/23 17:21:31 NPC  spawned at 37000 52979 -3548 heading 32641
2026/09/23 17:21:31 Received packet id 0x65 with 1 bytes
2026/09/23 17:21:31 Received packet id 0xda with 5 bytes
2026/09/23 17:21:31 User info: temp22 level 7 hp 153/214 mp 82/82 speed 125 x 15381
2026/09/23 17:21:31 Action failed
2026/09/23 17:21:31 Player temp22 appeared at 35659 51128 -3552 speed 125
2026/09/23 17:21:31 Hunt: level 7: resuming the cell Kaboo Orc Grunt SW-6 - the login landed on its ground
2026/09/23 17:21:31 Action failed
2026/09/23 17:21:31 Skill list with 1 skills
2026/09/23 17:21:32 Hunt: dropping the target 268450364: the ground rotation owns the way
2026/09/23 17:21:32 Hunt: the fight crossed into Kaboo Orc Grunt SW-5 (was Kaboo Orc Grunt SW-6), following the ground
2026/09/23 17:21:32 Action failed
2026/09/23 17:21:32 NPC  spawned at 49799 47271 -3544 heading 0
2026/09/23 17:21:32 NPC  spawned at 52017 48837 -3534 heading 0
2026/09/23 17:21:32 NPC  spawned at 53016 47808 -3544 heading 0
2026/09/23 17:21:32 NPC  spawned at 53184 48338 -3534 heading 0
2026/09/23 17:21:32 NPC  spawned at 51444 48419 -3534 heading 0
2026/09/23 17:21:32 NPC  spawned at 51214 47602 -3544 heading 4127
2026/09/23 17:21:32 NPC  spawned at 52844 49107 -3534 heading 0
2026/09/23 17:21:32 Action failed
2026/09/23 17:21:33 Hunt: 2 mobs piled on us, running 600 units from the aggro point before the logout
2026/09/23 17:21:34 Received packet id 0x85 with 13 bytes
2026/09/23 17:21:36 NPC  spawned at 37854 45513 -3587 heading 55971
2026/09/23 17:21:36 NPC  spawned at 37854 45513 -3587 heading 55971
2026/09/23 17:21:37 Received packet id 0x85 with 13 bytes
2026/09/23 17:21:37 Hunt: town trip ended: back at the farm spot
2026/09/23 17:21:37 Received packet id 0x85 with 13 bytes
2026/09/23 17:21:37 Hunt: shot released on 268450395, hostile 268450395 holds 420 units, the retreat clicks at the windup end
2026/09/23 17:21:37 Hunt: 613 units from the aggro point, logging out
2026/09/23 17:21:37 Hunt: death at the cell Kaboo Orc Grunt SW-5 (heat 1.0)
2026/09/23 17:21:37 Hunt: dropping the target 0: the ground rotation owns the way
2026/09/23 17:21:37 Hunt: regressing from Kaboo Orc Grunt SW-5 to Goblin Raider SE-17 after the death
2026/09/23 17:21:37 Hunt: 2 mobs piled on us, emergency logout for 2s
2026/09/23 17:21:37 Hunt: back in the hunting zone, resuming the hunt
2026/09/23 17:21:37 Action failed
2026/09/23 17:21:38 Hunt: shot released on 268450395, hostile 268450395 holds 358 units, the retreat clicks at the windup end
2026/09/23 17:21:38 Hunt: dropping the target 268450198: the ground rotation owns the way
2026/09/23 17:21:38 Hunt: the fight crossed into Goblin Raider SE-11 (was Goblin Raider SE-16), following the ground
2026/09/23 17:21:38 Action failed
2026/09/23 17:21:38 Action failed
2026/09/23 17:21:39 Hunt: the windup on 268450395 ended (hostile 268450395 at 231 units), kiting the reload tail
2026/09/23 17:21:39 Hunt: the chasers surround the bow fight on target 268450395, holding ground and shooting through the train
2026/09/23 17:21:40 Hunt: hostile 268450395 holds 109 units at the walk end, the pursuit continues the retreat (step 1 of 8)
2026/09/23 17:21:40 Received packet id 0x85 with 13 bytes
2026/09/23 17:21:40 Action failed
2026/09/23 17:21:42 NPC  spawned at 53370 48202 -3534 heading 0
2026/09/23 17:21:42 NPC  spawned at 54436 48926 -3540 heading 0
2026/09/23 17:21:42 NPC  spawned at 53420 49048 -3540 heading 0
2026/09/23 17:21:42 NPC  spawned at 54425 49704 -3540 heading 0
2026/09/23 17:21:42 NPC  spawned at 54796 49343 -3540 heading 0
2026/09/23 17:21:42 NPC  spawned at 55192 49508 -3540 heading 0
2026/09/23 17:21:42 NPC  spawned at 53397 50140 -3540 heading 0
2026/09/23 17:21:42 NPC  spawned at 54336 52184 -3640 heading 0
2026/09/23 17:21:42 NPC  spawned at 55131 52376 -3540 heading 0
2026/09/23 17:21:42 NPC  spawned at 55105 51893 -3540 heading 0
2026/09/23 17:21:42 NPC  spawned at 54517 52668 -3540 heading 0
2026/09/23 17:21:42 NPC  spawned at 53252 52393 -3540 heading 0
2026/09/23 17:21:42 NPC  spawned at 54770 51931 -3640 heading 0
2026/09/23 17:21:42 NPC  spawned at 54314 51588 -3640 heading 0
2026/09/23 17:21:42 Hunt: hostile 268450395 closed to 49 units of the fight on 268450395, kiting clear (step 1 of 8)
2026/09/23 17:21:43 Received packet id 0x85 with 13 bytes
2026/09/23 17:21:43 Received packet id 0x85 with 13 bytes
2026/09/23 17:21:43 Hunt: the chasers surround the bow fight on target 268450395, holding ground and shooting through the train
2026/09/23 17:21:43 Received packet id 0x85 with 13 bytes
2026/09/23 17:21:43 Hunt: shot released on 268450395, hostile 268450395 holds 449 units, the retreat clicks at the windup end
2026/09/23 17:21:44 Hunt: HP 90% recovered, standing up
2026/09/23 17:21:44 NPC  spawned at 51617 51152 -3534 heading 0
2026/09/23 17:21:45 Hunt: the windup on 268450395 ended (hostile 268450395 at 301 units), kiting the reload tail
2026/09/23 17:21:45 Action failed
2026/09/23 17:21:45 Leaving the game world with temp23
2026/09/23 17:21:45 Leaving the game world with temp24
2026/09/23 17:21:45 Leaving the game world with temp21
2026/09/23 17:21:45 Leaving the game world with temp20
2026/09/23 17:21:46 Acceptance: FAIL test "archer-fleet" failed: the fleet kite audit found unimplemented behaviors: max-range (3 of 5 bots (not passing: temp22, temp23)); shoots (3 of 5 bots (not passing: temp20, temp21)); early-retreat (2 of 5 bots (not passing: temp20, temp21, temp22)); quick-reshot (2 of 5 bots (not passing: temp20, temp21, temp22)); curved-retreat (2 of 5 bots (not passing: temp20, temp21, temp22))
